Variable Name,FieldOfStudyData1415_1516 datafile,FieldOfStudyData1516_1617 datafile,FieldOfStudyData1617_1718 datafile,FieldOfStudyData1718_1819 datafile,FieldOfStudyData1819_1920 datafile,FieldOfStudyData1920_2021 datafile,FieldOfStudyData2021_2122 datafile,FieldOfStudyData2122_2223 datafile,FieldOfStudyMostRecent datafile,,,,,,,,,,
UNITID,"AcadYr 2016-17, reported in IPEDS DCY2016-17","AcadYr 2017-18, reported in IPEDS DCY2017-18","AcadYr 2018-19, reported in IPEDS DCY2018-19","AcadYr 2019-20, reported in IPEDS DCY2019-20","AcadYr 2020-21, reported in IPEDS DCY2020-21","AcadYr 2021-22, reported in IPEDS DCY2021-22","AcadYr 2022-23, reported in IPEDS DCY2022-23","AcadYr 2023-24, reported in IPEDS DCY2023-24","AcadYr 2023-24, reported in IPEDS DCY2023-24",,,,,,,,,,
OPEID6,"AcadYr 2016-17, reported in IPEDS DCY2016-17 -or- NSLDS pooled AY2014-15, AY2015-16 cohort","AcadYr 2017-18, reported in IPEDS DCY2017-18 -or- NSLDS pooled AY2015-16, AY2016-17 cohort","AcadYr 2018-19, reported in IPEDS DCY2018-19 -or- NSLDS pooled AY2016-17, AY2017-18 cohort","AcadYr 2019-20, reported in IPEDS DCY2019-20 -or- NSLDS pooled AY2017-18, AY2018-19 cohort","AcadYr 2020-21, reported in IPEDS DCY2020-21 -or- NSLDS pooled AY2018-19, AY2019-20 cohort","AcadYr 2021-22, reported in IPEDS DCY2021-22 -or- NSLDS pooled AY2019-20, AY2020-21 cohort","AcadYr 2022-23, reported in IPEDS DCY2022-23 -or- NSLDS pooled AY2020-21, AY2021-22 cohort","AcadYr 2023-24, reported in IPEDS DCY2023-24 -or- NSLDS pooled AY2021-22, AY2022-23 cohort","AcadYr 2023-24, reported in IPEDS DCY2023-24 -or- NSLDS pooled AY2021-22, AY2022-23 cohort",,,,,,,,,,
INSTNM,"AcadYr 2016-17, reported in IPEDS DCY2016-17, unless more recent data are available through IPEDS (up to AcadYr 2025-26) -or- NSLDS pooled AY2014-15, AY2015-16 cohort","AcadYr 2017-18, reported in IPEDS DCY2017-18, unless more recent data are available through IPEDS (up to AcadYr 2025-26) -or- NSLDS pooled AY2015-16, AY2016-17 cohort","AcadYr 2018-19, reported in IPEDS DCY2018-19, unless more recent data are available through IPEDS (up to AcadYr 2025-26) -or- NSLDS pooled AY2016-17, AY2017-18 cohort","AcadYr 2019-20, reported in IPEDS DCY2019-20, unless more recent data are available through IPEDS (up to AcadYr 2025-26) -or- NSLDS pooled AY2017-18, AY2018-19 cohort","AcadYr 2020-21, reported in IPEDS DCY2020-21, unless more recent data are available through IPEDS (up to AcadYr 2025-26) -or- NSLDS pooled AY2018-19, AY2019-20 cohort","AcadYr 2021-22, reported in IPEDS DCY2021-22, unless more recent data are available through IPEDS (up to AcadYr 2025-26) -or- NSLDS pooled AY2019-20, AY2020-21 cohort","AcadYr 2022-23, reported in IPEDS DCY2022-23, unless more recent data are available through IPEDS (up to AcadYr 2025-26) -or- NSLDS pooled AY2020-21, AY2021-22 cohort","AcadYr 2023-24, reported in IPEDS DCY2023-24, unless more recent data are available through IPEDS (up to AcadYr 2025-26) -or- NSLDS pooled AY2021-22, AY2022-23 cohort","AcadYr 2023-24, reported in IPEDS DCY2023-24, unless more recent data are available through IPEDS (up to AcadYr 2025-26) -or- NSLDS pooled AY2021-22, AY2022-23 cohort",,,,,,,,,,
CONTROL,"AcadYr 2016-17, reported in IPEDS DCY2016-17 -or- PEPS as of 04/30/2026","AcadYr 2017-18, reported in IPEDS DCY2017-18 -or- PEPS as of 04/30/2026","AcadYr 2018-19, reported in IPEDS DCY2018-19 -or- PEPS as of 04/30/2026","AcadYr 2019-20, reported in IPEDS DCY2019-20 -or- PEPS as of 04/30/2026","AcadYr 2020-21, reported in IPEDS DCY2020-21 -or- PEPS as of 04/30/2026","AcadYr 2021-22, reported in IPEDS DCY2021-22 -or- PEPS as of 04/30/2026","AcadYr 2022-23, reported in IPEDS DCY2022-23 -or- PEPS as of 04/30/2026","AcadYr 2023-24, reported in IPEDS DCY2023-24 -or- PEPS as of 04/30/2026","AcadYr 2023-24, reported in IPEDS DCY2023-24 -or- PEPS as of 04/30/2026",,,,,,,,,,
MAIN,"AcadYr 2016-17, reported in IPEDS DCY2016-17 -or- NSLDS pooled AY2014-15, AY2015-16 cohort","AcadYr 2017-18, reported in IPEDS DCY2017-18 -or- NSLDS pooled AY2015-16, AY2016-17 cohort","AcadYr 2018-19, reported in IPEDS DCY2018-19 -or- NSLDS pooled AY2016-17, AY2017-18 cohort","AcadYr 2019-20, reported in IPEDS DCY2019-20 -or- NSLDS pooled AY2017-18, AY2018-19 cohort","AcadYr 2020-21, reported in IPEDS DCY2020-21 -or- NSLDS pooled AY2018-19, AY2019-20 cohort","AcadYr 2021-22, reported in IPEDS DCY2021-22 -or- NSLDS pooled AY2019-20, AY2020-21 cohort","AcadYr 2022-23, reported in IPEDS DCY2022-23 -or- NSLDS pooled AY2020-21, AY2021-22 cohort","AcadYr 2023-24, reported in IPEDS DCY2023-24 -or- NSLDS pooled AY2021-22, AY2022-23 cohort","AcadYr 2023-24, reported in IPEDS DCY2023-24 -or- NSLDS pooled AY2021-22, AY2022-23 cohort",,,,,,,,,,
CIPCODE,"AY2015-16, reported in IPEDS DCY2016-17 -or- NSLDS pooled AY2014-15, AY2015-16 cohort. Uses CIP2010 codes.","AY2016-17, reported in IPEDS DCY2017-18 -or- NSLDS pooled AY2015-16, AY2016-17 cohort. Uses CIP2010 codes.","AY2017-18, reported in IPEDS DCY2018-19 -or- NSLDS pooled AY2016-17, AY2017-18 cohort. Uses CIP2010 codes.","AY2018-19, reported in IPEDS DCY2019-20 -or- NSLDS pooled AY2017-18, AY2018-19 cohort. Uses CIP2010 codes.","AY2019-20, reported in IPEDS DCY2020-21 -or- NSLDS pooled AY2018-19, AY2019-20 cohort. Uses CIP2020 codes.","AY2020-21, reported in IPEDS DCY2021-22 -or- NSLDS pooled AY2019-20, AY2020-21 cohort. Uses CIP2020 codes.","AY2021-22, reported in IPEDS DCY2022-23 -or- NSLDS pooled AY2020-21, AY2021-22 cohort. Uses CIP2020 codes.","AY2022-23, reported in IPEDS DCY2023-24 -or- NSLDS pooled AY2021-22, AY2022-23 cohort. Uses CIP2020 codes.","AY2022-23, reported in IPEDS DCY2023-24 -or- NSLDS pooled AY2021-22, AY2022-23 cohort. Uses CIP2020 codes.",,,,,,,,,,
CIPDESC,"Classification of Instructional Programs, 2010 edition","Classification of Instructional Programs, 2010 edition","Classification of Instructional Programs, 2010 edition","Classification of Instructional Programs, 2010 edition","Classification of Instructional Programs, 2020 edition","Classification of Instructional Programs, 2020 edition","Classification of Instructional Programs, 2020 edition","Classification of Instructional Programs, 2020 edition","Classification of Instructional Programs, 2020 edition",,,,,,,,,,
CREDLEV,"AY2015-16, reported in IPEDS DCY2016-17 -or- NSLDS pooled AY2014-15, AY2015-16 cohort","AY2016-17, reported in IPEDS DCY2017-18 -or- NSLDS pooled AY2015-16, AY2016-17 cohort","AY2017-18, reported in IPEDS DCY2018-19 -or- NSLDS pooled AY2016-17, AY2017-18 cohort","AY2018-19, reported in IPEDS DCY2019-20 -or- NSLDS pooled AY2017-18, AY2018-19 cohort","AY2019-20, reported in IPEDS DCY2020-21 -or- NSLDS pooled AY2018-19, AY2019-20 cohort","AY2020-21, reported in IPEDS DCY2021-22 -or- NSLDS pooled AY2019-20, AY2020-21 cohort","AY2021-22, reported in IPEDS DCY2022-23 -or- NSLDS pooled AY2020-21, AY2021-22 cohort","AY2022-23, reported in IPEDS DCY2023-24 -or- NSLDS pooled AY2021-22, AY2022-23 cohort","AY2022-23, reported in IPEDS DCY2023-24 -or- NSLDS pooled AY2021-22, AY2022-23 cohort",,,,,,,,,,
CREDDESC,"NSLDS pooled AY2014-15, AY2015-16 cohort","NSLDS pooled AY2015-16, AY2016-17 cohort","NSLDS pooled AY2016-17, AY2017-18 cohort","NSLDS pooled AY2017-18, AY2018-19 cohort","NSLDS pooled AY2018-19, AY2019-20 cohort","NSLDS pooled AY2019-20, AY2020-21 cohort","NSLDS pooled AY2020-21, AY2021-22 cohort","NSLDS pooled AY2021-22, AY2022-23 cohort","NSLDS pooled AY2021-22, AY2022-23 cohort",,,,,,,,,,
IPEDSCOUNT1,AY2014-15 reported in IPEDS DCY2015-16,AY2015-16 reported in IPEDS DCY2016-17,AY2016-17 reported in IPEDS DCY2017-18,AY2017-18 reported in IPEDS DCY2018-19,AY2018-19 reported in IPEDS DCY2019-20,AY2019-20 reported in IPEDS DCY2020-21,AY2020-21 reported in IPEDS DCY2021-22,AY2021-22 reported in IPEDS DCY2022-23,AY2021-22 reported in IPEDS DCY2022-23,,,,,,,,,,
IPEDSCOUNT2,AY2015-16 reported in IPEDS DCY2016-17,AY2016-17 reported in IPEDS DCY2017-18,AY2017-18 reported in IPEDS DCY2018-19,AY2018-19 reported in IPEDS DCY2019-20,AY2019-20 reported in IPEDS DCY2020-21,AY2020-21 reported in IPEDS DCY2021-22,AY2021-22 reported in IPEDS DCY2022-23,AY2022-23 reported in IPEDS DCY2023-24,AY2022-23 reported in IPEDS DCY2023-24,,,,,,,,,,
DEBT_ALL_STGP_ANY_N,"NSLDS pooled AY2014-15, AY2015-16 cohort","NSLDS pooled AY2015-16, AY2016-17 cohort","NSLDS pooled AY2016-17, AY2017-18 cohort","NSLDS pooled AY2017-18, AY2018-19 cohort","NSLDS pooled AY2018-19, AY2019-20 cohort",NA,NA,NA,"NSLDS pooled AY2018-19, AY2019-20 cohort",,,,,,,,,,
DEBT_ALL_STGP_ANY_MEAN,"NSLDS pooled AY2014-15, AY2015-16 cohort","NSLDS pooled AY2015-16, AY2016-17 cohort","NSLDS pooled AY2016-17, AY2017-18 cohort","NSLDS pooled AY2017-18, AY2018-19 cohort","NSLDS pooled AY2018-19, AY2019-20 cohort",NA,NA,NA,"NSLDS pooled AY2018-19, AY2019-20 cohort",,,,,,,,,,
DEBT_ALL_STGP_ANY_MDN,"NSLDS pooled AY2014-15, AY2015-16 cohort","NSLDS pooled AY2015-16, AY2016-17 cohort","NSLDS pooled AY2016-17, AY2017-18 cohort","NSLDS pooled AY2017-18, AY2018-19 cohort","NSLDS pooled AY2018-19, AY2019-20 cohort",NA,NA,NA,"NSLDS pooled AY2018-19, AY2019-20 cohort",,,,,,,,,,
DEBT_ALL_STGP_EVAL_N,"NSLDS pooled AY2014-15, AY2015-16 cohort","NSLDS pooled AY2015-16, AY2016-17 cohort","NSLDS pooled AY2016-17, AY2017-18 cohort","NSLDS pooled AY2017-18, AY2018-19 cohort","NSLDS pooled AY2018-19, AY2019-20 cohort",NA,NA,NA,"NSLDS pooled AY2018-19, AY2019-20 cohort",,,,,,,,,,
DEBT_ALL_STGP_EVAL_MEAN,"NSLDS pooled AY2014-15, AY2015-16 cohort","NSLDS pooled AY2015-16, AY2016-17 cohort","NSLDS pooled AY2016-17, AY2017-18 cohort","NSLDS pooled AY2017-18, AY2018-19 cohort","NSLDS pooled AY2018-19, AY2019-20 cohort",NA,NA,NA,"NSLDS pooled AY2018-19, AY2019-20 cohort",,,,,,,,,,
DEBT_ALL_STGP_EVAL_MDN,"NSLDS pooled AY2014-15, AY2015-16 cohort","NSLDS pooled AY2015-16, AY2016-17 cohort","NSLDS pooled AY2016-17, AY2017-18 cohort","NSLDS pooled AY2017-18, AY2018-19 cohort","NSLDS pooled AY2018-19, AY2019-20 cohort",NA,NA,NA,"NSLDS pooled AY2018-19, AY2019-20 cohort",,,,,,,,,,
DEBT_ALL_PP_ANY_N,"NSLDS pooled AY2014-15, AY2015-16 cohort","NSLDS pooled AY2015-16, AY2016-17 cohort","NSLDS pooled AY2016-17, AY2017-18 cohort","NSLDS pooled AY2017-18, AY2018-19 cohort","NSLDS pooled AY2018-19, AY2019-20 cohort",NA,NA,NA,"NSLDS pooled AY2018-19, AY2019-20 cohort",,,,,,,,,,
DEBT_ALL_PP_ANY_MEAN,"NSLDS pooled AY2014-15, AY2015-16 cohort","NSLDS pooled AY2015-16, AY2016-17 cohort","NSLDS pooled AY2016-17, AY2017-18 cohort","NSLDS pooled AY2017-18, AY2018-19 cohort","NSLDS pooled AY2018-19, AY2019-20 cohort",NA,NA,NA,"NSLDS pooled AY2018-19, AY2019-20 cohort",,,,,,,,,,
DEBT_ALL_PP_ANY_MDN,"NSLDS pooled AY2014-15, AY2015-16 cohort","NSLDS pooled AY2015-16, AY2016-17 cohort","NSLDS pooled AY2016-17, AY2017-18 cohort","NSLDS pooled AY2017-18, AY2018-19 cohort","NSLDS pooled AY2018-19, AY2019-20 cohort",NA,NA,NA,"NSLDS pooled AY2018-19, AY2019-20 cohort",,,,,,,,,,
DEBT_ALL_PP_EVAL_N,"NSLDS pooled AY2014-15, AY2015-16 cohort","NSLDS pooled AY2015-16, AY2016-17 cohort","NSLDS pooled AY2016-17, AY2017-18 cohort","NSLDS pooled AY2017-18, AY2018-19 cohort","NSLDS pooled AY2018-19, AY2019-20 cohort",NA,NA,NA,"NSLDS pooled AY2018-19, AY2019-20 cohort",,,,,,,,,,
DEBT_ALL_PP_EVAL_MEAN,"NSLDS pooled AY2014-15, AY2015-16 cohort","NSLDS pooled AY2015-16, AY2016-17 cohort","NSLDS pooled AY2016-17, AY2017-18 cohort","NSLDS pooled AY2017-18, AY2018-19 cohort","NSLDS pooled AY2018-19, AY2019-20 cohort",NA,NA,NA,"NSLDS pooled AY2018-19, AY2019-20 cohort",,,,,,,,,,
DEBT_ALL_PP_EVAL_MDN,"NSLDS pooled AY2014-15, AY2015-16 cohort","NSLDS pooled AY2015-16, AY2016-17 cohort","NSLDS pooled AY2016-17, AY2017-18 cohort","NSLDS pooled AY2017-18, AY2018-19 cohort","NSLDS pooled AY2018-19, AY2019-20 cohort",NA,NA,NA,"NSLDS pooled AY2018-19, AY2019-20 cohort",,,,,,,,,,
DEBT_MALE_STGP_ANY_N,"NSLDS pooled AY2014-15, AY2015-16 cohort","NSLDS pooled AY2015-16, AY2016-17 cohort","NSLDS pooled AY2016-17, AY2017-18 cohort","NSLDS pooled AY2017-18, AY2018-19 cohort","NSLDS pooled AY2018-19, AY2019-20 cohort",NA,NA,NA,"NSLDS pooled AY2018-19, AY2019-20 cohort",,,,,,,,,,
DEBT_MALE_STGP_ANY_MEAN,"NSLDS pooled AY2014-15, AY2015-16 cohort","NSLDS pooled AY2015-16, AY2016-17 cohort","NSLDS pooled AY2016-17, AY2017-18 cohort","NSLDS pooled AY2017-18, AY2018-19 cohort","NSLDS pooled AY2018-19, AY2019-20 cohort",NA,NA,NA,"NSLDS pooled AY2018-19, AY2019-20 cohort",,,,,,,,,,
DEBT_MALE_STGP_ANY_MDN,"NSLDS pooled AY2014-15, AY2015-16 cohort","NSLDS pooled AY2015-16, AY2016-17 cohort","NSLDS pooled AY2016-17, AY2017-18 cohort","NSLDS pooled AY2017-18, AY2018-19 cohort","NSLDS pooled AY2018-19, AY2019-20 cohort",NA,NA,NA,"NSLDS pooled AY2018-19, AY2019-20 cohort",,,,,,,,,,
DEBT_MALE_STGP_EVAL_N,"NSLDS pooled AY2014-15, AY2015-16 cohort","NSLDS pooled AY2015-16, AY2016-17 cohort","NSLDS pooled AY2016-17, AY2017-18 cohort","NSLDS pooled AY2017-18, AY2018-19 cohort","NSLDS pooled AY2018-19, AY2019-20 cohort",NA,NA,NA,"NSLDS pooled AY2018-19, AY2019-20 cohort",,,,,,,,,,
DEBT_MALE_STGP_EVAL_MEAN,"NSLDS pooled AY2014-15, AY2015-16 cohort","NSLDS pooled AY2015-16, AY2016-17 cohort","NSLDS pooled AY2016-17, AY2017-18 cohort","NSLDS pooled AY2017-18, AY2018-19 cohort","NSLDS pooled AY2018-19, AY2019-20 cohort",NA,NA,NA,"NSLDS pooled AY2018-19, AY2019-20 cohort",,,,,,,,,,
DEBT_MALE_STGP_EVAL_MDN,"NSLDS pooled AY2014-15, AY2015-16 cohort","NSLDS pooled AY2015-16, AY2016-17 cohort","NSLDS pooled AY2016-17, AY2017-18 cohort","NSLDS pooled AY2017-18, AY2018-19 cohort","NSLDS pooled AY2018-19, AY2019-20 cohort",NA,NA,NA,"NSLDS pooled AY2018-19, AY2019-20 cohort",,,,,,,,,,
DEBT_MALE_PP_ANY_N,"NSLDS pooled AY2014-15, AY2015-16 cohort","NSLDS pooled AY2015-16, AY2016-17 cohort","NSLDS pooled AY2016-17, AY2017-18 cohort","NSLDS pooled AY2017-18, AY2018-19 cohort","NSLDS pooled AY2018-19, AY2019-20 cohort",NA,NA,NA,"NSLDS pooled AY2018-19, AY2019-20 cohort",,,,,,,,,,
DEBT_MALE_PP_ANY_MEAN,"NSLDS pooled AY2014-15, AY2015-16 cohort","NSLDS pooled AY2015-16, AY2016-17 cohort","NSLDS pooled AY2016-17, AY2017-18 cohort","NSLDS pooled AY2017-18, AY2018-19 cohort","NSLDS pooled AY2018-19, AY2019-20 cohort",NA,NA,NA,"NSLDS pooled AY2018-19, AY2019-20 cohort",,,,,,,,,,
DEBT_MALE_PP_ANY_MDN,"NSLDS pooled AY2014-15, AY2015-16 cohort","NSLDS pooled AY2015-16, AY2016-17 cohort","NSLDS pooled AY2016-17, AY2017-18 cohort","NSLDS pooled AY2017-18, AY2018-19 cohort","NSLDS pooled AY2018-19, AY2019-20 cohort",NA,NA,NA,"NSLDS pooled AY2018-19, AY2019-20 cohort",,,,,,,,,,
DEBT_MALE_PP_EVAL_N,"NSLDS pooled AY2014-15, AY2015-16 cohort","NSLDS pooled AY2015-16, AY2016-17 cohort","NSLDS pooled AY2016-17, AY2017-18 cohort","NSLDS pooled AY2017-18, AY2018-19 cohort","NSLDS pooled AY2018-19, AY2019-20 cohort",NA,NA,NA,"NSLDS pooled AY2018-19, AY2019-20 cohort",,,,,,,,,,
DEBT_MALE_PP_EVAL_MEAN,"NSLDS pooled AY2014-15, AY2015-16 cohort","NSLDS pooled AY2015-16, AY2016-17 cohort","NSLDS pooled AY2016-17, AY2017-18 cohort","NSLDS pooled AY2017-18, AY2018-19 cohort","NSLDS pooled AY2018-19, AY2019-20 cohort",NA,NA,NA,"NSLDS pooled AY2018-19, AY2019-20 cohort",,,,,,,,,,
DEBT_MALE_PP_EVAL_MDN,"NSLDS pooled AY2014-15, AY2015-16 cohort","NSLDS pooled AY2015-16, AY2016-17 cohort","NSLDS pooled AY2016-17, AY2017-18 cohort","NSLDS pooled AY2017-18, AY2018-19 cohort","NSLDS pooled AY2018-19, AY2019-20 cohort",NA,NA,NA,"NSLDS pooled AY2018-19, AY2019-20 cohort",,,,,,,,,,
DEBT_NOTMALE_STGP_ANY_N,"NSLDS pooled AY2014-15, AY2015-16 cohort","NSLDS pooled AY2015-16, AY2016-17 cohort","NSLDS pooled AY2016-17, AY2017-18 cohort","NSLDS pooled AY2017-18, AY2018-19 cohort","NSLDS pooled AY2018-19, AY2019-20 cohort",NA,NA,NA,"NSLDS pooled AY2018-19, AY2019-20 cohort",,,,,,,,,,
DEBT_NOTMALE_STGP_ANY_MEAN,"NSLDS pooled AY2014-15, AY2015-16 cohort","NSLDS pooled AY2015-16, AY2016-17 cohort","NSLDS pooled AY2016-17, AY2017-18 cohort","NSLDS pooled AY2017-18, AY2018-19 cohort","NSLDS pooled AY2018-19, AY2019-20 cohort",NA,NA,NA,"NSLDS pooled AY2018-19, AY2019-20 cohort",,,,,,,,,,
DEBT_NOTMALE_STGP_ANY_MDN,"NSLDS pooled AY2014-15, AY2015-16 cohort","NSLDS pooled AY2015-16, AY2016-17 cohort","NSLDS pooled AY2016-17, AY2017-18 cohort","NSLDS pooled AY2017-18, AY2018-19 cohort","NSLDS pooled AY2018-19, AY2019-20 cohort",NA,NA,NA,"NSLDS pooled AY2018-19, AY2019-20 cohort",,,,,,,,,,
DEBT_NOTMALE_STGP_EVAL_N,"NSLDS pooled AY2014-15, AY2015-16 cohort","NSLDS pooled AY2015-16, AY2016-17 cohort","NSLDS pooled AY2016-17, AY2017-18 cohort","NSLDS pooled AY2017-18, AY2018-19 cohort","NSLDS pooled AY2018-19, AY2019-20 cohort",NA,NA,NA,"NSLDS pooled AY2018-19, AY2019-20 cohort",,,,,,,,,,
DEBT_NOTMALE_STGP_EVAL_MEAN,"NSLDS pooled AY2014-15, AY2015-16 cohort","NSLDS pooled AY2015-16, AY2016-17 cohort","NSLDS pooled AY2016-17, AY2017-18 cohort","NSLDS pooled AY2017-18, AY2018-19 cohort","NSLDS pooled AY2018-19, AY2019-20 cohort",NA,NA,NA,"NSLDS pooled AY2018-19, AY2019-20 cohort",,,,,,,,,,
DEBT_NOTMALE_STGP_EVAL_MDN,"NSLDS pooled AY2014-15, AY2015-16 cohort","NSLDS pooled AY2015-16, AY2016-17 cohort","NSLDS pooled AY2016-17, AY2017-18 cohort","NSLDS pooled AY2017-18, AY2018-19 cohort","NSLDS pooled AY2018-19, AY2019-20 cohort",NA,NA,NA,"NSLDS pooled AY2018-19, AY2019-20 cohort",,,,,,,,,,
DEBT_NOTMALE_PP_ANY_N,"NSLDS pooled AY2014-15, AY2015-16 cohort","NSLDS pooled AY2015-16, AY2016-17 cohort","NSLDS pooled AY2016-17, AY2017-18 cohort","NSLDS pooled AY2017-18, AY2018-19 cohort","NSLDS pooled AY2018-19, AY2019-20 cohort",NA,NA,NA,"NSLDS pooled AY2018-19, AY2019-20 cohort",,,,,,,,,,
DEBT_NOTMALE_PP_ANY_MEAN,"NSLDS pooled AY2014-15, AY2015-16 cohort","NSLDS pooled AY2015-16, AY2016-17 cohort","NSLDS pooled AY2016-17, AY2017-18 cohort","NSLDS pooled AY2017-18, AY2018-19 cohort","NSLDS pooled AY2018-19, AY2019-20 cohort",NA,NA,NA,"NSLDS pooled AY2018-19, AY2019-20 cohort",,,,,,,,,,
DEBT_NOTMALE_PP_ANY_MDN,"NSLDS pooled AY2014-15, AY2015-16 cohort","NSLDS pooled AY2015-16, AY2016-17 cohort","NSLDS pooled AY2016-17, AY2017-18 cohort","NSLDS pooled AY2017-18, AY2018-19 cohort","NSLDS pooled AY2018-19, AY2019-20 cohort",NA,NA,NA,"NSLDS pooled AY2018-19, AY2019-20 cohort",,,,,,,,,,
DEBT_NOTMALE_PP_EVAL_N,"NSLDS pooled AY2014-15, AY2015-16 cohort","NSLDS pooled AY2015-16, AY2016-17 cohort","NSLDS pooled AY2016-17, AY2017-18 cohort","NSLDS pooled AY2017-18, AY2018-19 cohort","NSLDS pooled AY2018-19, AY2019-20 cohort",NA,NA,NA,"NSLDS pooled AY2018-19, AY2019-20 cohort",,,,,,,,,,
DEBT_NOTMALE_PP_EVAL_MEAN,"NSLDS pooled AY2014-15, AY2015-16 cohort","NSLDS pooled AY2015-16, AY2016-17 cohort","NSLDS pooled AY2016-17, AY2017-18 cohort","NSLDS pooled AY2017-18, AY2018-19 cohort","NSLDS pooled AY2018-19, AY2019-20 cohort",NA,NA,NA,"NSLDS pooled AY2018-19, AY2019-20 cohort",,,,,,,,,,
DEBT_NOTMALE_PP_EVAL_MDN,"NSLDS pooled AY2014-15, AY2015-16 cohort","NSLDS pooled AY2015-16, AY2016-17 cohort","NSLDS pooled AY2016-17, AY2017-18 cohort","NSLDS pooled AY2017-18, AY2018-19 cohort","NSLDS pooled AY2018-19, AY2019-20 cohort",NA,NA,NA,"NSLDS pooled AY2018-19, AY2019-20 cohort",,,,,,,,,,
DEBT_PELL_STGP_ANY_N,"NSLDS pooled AY2014-15, AY2015-16 cohort","NSLDS pooled AY2015-16, AY2016-17 cohort","NSLDS pooled AY2016-17, AY2017-18 cohort","NSLDS pooled AY2017-18, AY2018-19 cohort","NSLDS pooled AY2018-19, AY2019-20 cohort",NA,NA,NA,"NSLDS pooled AY2018-19, AY2019-20 cohort",,,,,,,,,,
DEBT_PELL_STGP_ANY_MEAN,"NSLDS pooled AY2014-15, AY2015-16 cohort","NSLDS pooled AY2015-16, AY2016-17 cohort","NSLDS pooled AY2016-17, AY2017-18 cohort","NSLDS pooled AY2017-18, AY2018-19 cohort","NSLDS pooled AY2018-19, AY2019-20 cohort",NA,NA,NA,"NSLDS pooled AY2018-19, AY2019-20 cohort",,,,,,,,,,
DEBT_PELL_STGP_ANY_MDN,"NSLDS pooled AY2014-15, AY2015-16 cohort","NSLDS pooled AY2015-16, AY2016-17 cohort","NSLDS pooled AY2016-17, AY2017-18 cohort","NSLDS pooled AY2017-18, AY2018-19 cohort","NSLDS pooled AY2018-19, AY2019-20 cohort",NA,NA,NA,"NSLDS pooled AY2018-19, AY2019-20 cohort",,,,,,,,,,
DEBT_PELL_STGP_EVAL_N,"NSLDS pooled AY2014-15, AY2015-16 cohort","NSLDS pooled AY2015-16, AY2016-17 cohort","NSLDS pooled AY2016-17, AY2017-18 cohort","NSLDS pooled AY2017-18, AY2018-19 cohort","NSLDS pooled AY2018-19, AY2019-20 cohort",NA,NA,NA,"NSLDS pooled AY2018-19, AY2019-20 cohort",,,,,,,,,,
DEBT_PELL_STGP_EVAL_MEAN,"NSLDS pooled AY2014-15, AY2015-16 cohort","NSLDS pooled AY2015-16, AY2016-17 cohort","NSLDS pooled AY2016-17, AY2017-18 cohort","NSLDS pooled AY2017-18, AY2018-19 cohort","NSLDS pooled AY2018-19, AY2019-20 cohort",NA,NA,NA,"NSLDS pooled AY2018-19, AY2019-20 cohort",,,,,,,,,,
DEBT_PELL_STGP_EVAL_MDN,"NSLDS pooled AY2014-15, AY2015-16 cohort","NSLDS pooled AY2015-16, AY2016-17 cohort","NSLDS pooled AY2016-17, AY2017-18 cohort","NSLDS pooled AY2017-18, AY2018-19 cohort","NSLDS pooled AY2018-19, AY2019-20 cohort",NA,NA,NA,"NSLDS pooled AY2018-19, AY2019-20 cohort",,,,,,,,,,
DEBT_PELL_PP_ANY_N,"NSLDS pooled AY2014-15, AY2015-16 cohort","NSLDS pooled AY2015-16, AY2016-17 cohort","NSLDS pooled AY2016-17, AY2017-18 cohort","NSLDS pooled AY2017-18, AY2018-19 cohort","NSLDS pooled AY2018-19, AY2019-20 cohort",NA,NA,NA,"NSLDS pooled AY2018-19, AY2019-20 cohort",,,,,,,,,,
DEBT_PELL_PP_ANY_MEAN,"NSLDS pooled AY2014-15, AY2015-16 cohort","NSLDS pooled AY2015-16, AY2016-17 cohort","NSLDS pooled AY2016-17, AY2017-18 cohort","NSLDS pooled AY2017-18, AY2018-19 cohort","NSLDS pooled AY2018-19, AY2019-20 cohort",NA,NA,NA,"NSLDS pooled AY2018-19, AY2019-20 cohort",,,,,,,,,,
DEBT_PELL_PP_ANY_MDN,"NSLDS pooled AY2014-15, AY2015-16 cohort","NSLDS pooled AY2015-16, AY2016-17 cohort","NSLDS pooled AY2016-17, AY2017-18 cohort","NSLDS pooled AY2017-18, AY2018-19 cohort","NSLDS pooled AY2018-19, AY2019-20 cohort",NA,NA,NA,"NSLDS pooled AY2018-19, AY2019-20 cohort",,,,,,,,,,
DEBT_PELL_PP_EVAL_N,"NSLDS pooled AY2014-15, AY2015-16 cohort","NSLDS pooled AY2015-16, AY2016-17 cohort","NSLDS pooled AY2016-17, AY2017-18 cohort","NSLDS pooled AY2017-18, AY2018-19 cohort","NSLDS pooled AY2018-19, AY2019-20 cohort",NA,NA,NA,"NSLDS pooled AY2018-19, AY2019-20 cohort",,,,,,,,,,
DEBT_PELL_PP_EVAL_MEAN,"NSLDS pooled AY2014-15, AY2015-16 cohort","NSLDS pooled AY2015-16, AY2016-17 cohort","NSLDS pooled AY2016-17, AY2017-18 cohort","NSLDS pooled AY2017-18, AY2018-19 cohort","NSLDS pooled AY2018-19, AY2019-20 cohort",NA,NA,NA,"NSLDS pooled AY2018-19, AY2019-20 cohort",,,,,,,,,,
DEBT_PELL_PP_EVAL_MDN,"NSLDS pooled AY2014-15, AY2015-16 cohort","NSLDS pooled AY2015-16, AY2016-17 cohort","NSLDS pooled AY2016-17, AY2017-18 cohort","NSLDS pooled AY2017-18, AY2018-19 cohort","NSLDS pooled AY2018-19, AY2019-20 cohort",NA,NA,NA,"NSLDS pooled AY2018-19, AY2019-20 cohort",,,,,,,,,,
DEBT_NOPELL_STGP_ANY_N,"NSLDS pooled AY2014-15, AY2015-16 cohort","NSLDS pooled AY2015-16, AY2016-17 cohort","NSLDS pooled AY2016-17, AY2017-18 cohort","NSLDS pooled AY2017-18, AY2018-19 cohort","NSLDS pooled AY2018-19, AY2019-20 cohort",NA,NA,NA,"NSLDS pooled AY2018-19, AY2019-20 cohort",,,,,,,,,,
DEBT_NOPELL_STGP_ANY_MEAN,"NSLDS pooled AY2014-15, AY2015-16 cohort","NSLDS pooled AY2015-16, AY2016-17 cohort","NSLDS pooled AY2016-17, AY2017-18 cohort","NSLDS pooled AY2017-18, AY2018-19 cohort","NSLDS pooled AY2018-19, AY2019-20 cohort",NA,NA,NA,"NSLDS pooled AY2018-19, AY2019-20 cohort",,,,,,,,,,
DEBT_NOPELL_STGP_ANY_MDN,"NSLDS pooled AY2014-15, AY2015-16 cohort","NSLDS pooled AY2015-16, AY2016-17 cohort","NSLDS pooled AY2016-17, AY2017-18 cohort","NSLDS pooled AY2017-18, AY2018-19 cohort","NSLDS pooled AY2018-19, AY2019-20 cohort",NA,NA,NA,"NSLDS pooled AY2018-19, AY2019-20 cohort",,,,,,,,,,
DEBT_NOPELL_STGP_EVAL_N,"NSLDS pooled AY2014-15, AY2015-16 cohort","NSLDS pooled AY2015-16, AY2016-17 cohort","NSLDS pooled AY2016-17, AY2017-18 cohort","NSLDS pooled AY2017-18, AY2018-19 cohort","NSLDS pooled AY2018-19, AY2019-20 cohort",NA,NA,NA,"NSLDS pooled AY2018-19, AY2019-20 cohort",,,,,,,,,,
DEBT_NOPELL_STGP_EVAL_MEAN,"NSLDS pooled AY2014-15, AY2015-16 cohort","NSLDS pooled AY2015-16, AY2016-17 cohort","NSLDS pooled AY2016-17, AY2017-18 cohort","NSLDS pooled AY2017-18, AY2018-19 cohort","NSLDS pooled AY2018-19, AY2019-20 cohort",NA,NA,NA,"NSLDS pooled AY2018-19, AY2019-20 cohort",,,,,,,,,,
DEBT_NOPELL_STGP_EVAL_MDN,"NSLDS pooled AY2014-15, AY2015-16 cohort","NSLDS pooled AY2015-16, AY2016-17 cohort","NSLDS pooled AY2016-17, AY2017-18 cohort","NSLDS pooled AY2017-18, AY2018-19 cohort","NSLDS pooled AY2018-19, AY2019-20 cohort",NA,NA,NA,"NSLDS pooled AY2018-19, AY2019-20 cohort",,,,,,,,,,
DEBT_NOPELL_PP_ANY_N,"NSLDS pooled AY2014-15, AY2015-16 cohort","NSLDS pooled AY2015-16, AY2016-17 cohort","NSLDS pooled AY2016-17, AY2017-18 cohort","NSLDS pooled AY2017-18, AY2018-19 cohort","NSLDS pooled AY2018-19, AY2019-20 cohort",NA,NA,NA,"NSLDS pooled AY2018-19, AY2019-20 cohort",,,,,,,,,,
DEBT_NOPELL_PP_ANY_MEAN,"NSLDS pooled AY2014-15, AY2015-16 cohort","NSLDS pooled AY2015-16, AY2016-17 cohort","NSLDS pooled AY2016-17, AY2017-18 cohort","NSLDS pooled AY2017-18, AY2018-19 cohort","NSLDS pooled AY2018-19, AY2019-20 cohort",NA,NA,NA,"NSLDS pooled AY2018-19, AY2019-20 cohort",,,,,,,,,,
DEBT_NOPELL_PP_ANY_MDN,"NSLDS pooled AY2014-15, AY2015-16 cohort","NSLDS pooled AY2015-16, AY2016-17 cohort","NSLDS pooled AY2016-17, AY2017-18 cohort","NSLDS pooled AY2017-18, AY2018-19 cohort","NSLDS pooled AY2018-19, AY2019-20 cohort",NA,NA,NA,"NSLDS pooled AY2018-19, AY2019-20 cohort",,,,,,,,,,
DEBT_NOPELL_PP_EVAL_N,"NSLDS pooled AY2014-15, AY2015-16 cohort","NSLDS pooled AY2015-16, AY2016-17 cohort","NSLDS pooled AY2016-17, AY2017-18 cohort","NSLDS pooled AY2017-18, AY2018-19 cohort","NSLDS pooled AY2018-19, AY2019-20 cohort",NA,NA,NA,"NSLDS pooled AY2018-19, AY2019-20 cohort",,,,,,,,,,
DEBT_NOPELL_PP_EVAL_MEAN,"NSLDS pooled AY2014-15, AY2015-16 cohort","NSLDS pooled AY2015-16, AY2016-17 cohort","NSLDS pooled AY2016-17, AY2017-18 cohort","NSLDS pooled AY2017-18, AY2018-19 cohort","NSLDS pooled AY2018-19, AY2019-20 cohort",NA,NA,NA,"NSLDS pooled AY2018-19, AY2019-20 cohort",,,,,,,,,,
DEBT_NOPELL_PP_EVAL_MDN,"NSLDS pooled AY2014-15, AY2015-16 cohort","NSLDS pooled AY2015-16, AY2016-17 cohort","NSLDS pooled AY2016-17, AY2017-18 cohort","NSLDS pooled AY2017-18, AY2018-19 cohort","NSLDS pooled AY2018-19, AY2019-20 cohort",NA,NA,NA,"NSLDS pooled AY2018-19, AY2019-20 cohort",,,,,,,,,,
DEBT_ALL_PP_ANY_MDN10YRPAY,NA,NA,NA,NA,"NSLDS pooled AY2018-19, AY2019-20 cohort",NA,NA,NA,"NSLDS pooled AY2018-19, AY2019-20 cohort",,,,,,,,,,
DEBT_ALL_PP_EVAL_MDN10YRPAY,NA,NA,NA,NA,"NSLDS pooled AY2018-19, AY2019-20 cohort",NA,NA,NA,"NSLDS pooled AY2018-19, AY2019-20 cohort",,,,,,,,,,
DEBT_ALL_STGP_ANY_MDN10YRPAY,NA,NA,NA,NA,"NSLDS pooled AY2018-19, AY2019-20 cohort",NA,NA,NA,"NSLDS pooled AY2018-19, AY2019-20 cohort",,,,,,,,,,
DEBT_ALL_STGP_EVAL_MDN10YRPAY,NA,NA,NA,NA,"NSLDS pooled AY2018-19, AY2019-20 cohort",NA,NA,NA,"NSLDS pooled AY2018-19, AY2019-20 cohort",,,,,,,,,,
EARN_COUNT_NWNE_HI_1YR,NA,"Treasury AY2014-15, AY2015-16 pooled earnings cohort measured in CY2016, CY2017","Treasury AY2015-16, AY2016-17 pooled earnings cohort measured in CY2017, CY2018","Treasury AY2016-17, AY2017-18 pooled earnings cohort measured in CY2018, CY2019",NA,NA,NA,NA,"Treasury AY2016-17, AY2017-18 pooled earnings cohort measured in CY2018, CY2019",,,,,,,,,,
EARN_CNTOVER150_HI_1YR,NA,NA,"Treasury AY2015-16, AY2016-17 pooled earnings cohort measured in CY2017, CY2018","Treasury AY2016-17, AY2017-18 pooled earnings cohort measured in CY2018, CY2019",NA,NA,NA,NA,"Treasury AY2016-17, AY2017-18 pooled earnings cohort measured in CY2018, CY2019",,,,,,,,,,
EARN_COUNT_WNE_HI_1YR,NA,"Treasury AY2014-15, AY2015-16 pooled earnings cohort measured in CY2016, CY2017","Treasury AY2015-16, AY2016-17 pooled earnings cohort measured in CY2017, CY2018","Treasury AY2016-17, AY2017-18 pooled earnings cohort measured in CY2018, CY2019",NA,NA,NA,NA,"Treasury AY2016-17, AY2017-18 pooled earnings cohort measured in CY2018, CY2019",,,,,,,,,,
EARN_MDN_HI_1YR,NA,"Treasury AY2014-15, AY2015-16 pooled earnings cohort measured in CY2016, CY2017, inflation adjusted to 2018 dollars","Treasury AY2015-16, AY2016-17 pooled earnings cohort measured in CY2017, CY2018, inflation adjusted to 2019 dollars","Treasury AY2016-17, AY2017-18 pooled earnings cohort measured in CY2018, CY2019, inflation adjusted to 2020 dollars",NA,NA,NA,NA,"Treasury AY2016-17, AY2017-18 pooled earnings cohort measured in CY2018, CY2019, inflation adjusted to 2020 dollars",,,,,,,,,,
EARN_COUNT_NWNE_HI_2YR,NA,NA,"Treasury AY2014-15, AY2015-16 pooled earnings cohort measured in CY2017, CY2018",NA,NA,NA,NA,NA,"Treasury AY2014-15, AY2015-16 pooled earnings cohort measured in CY2017, CY2018",,,,,,,,,,
EARN_CNTOVER150_HI_2YR,NA,NA,"Treasury AY2014-15, AY2015-16 pooled earnings cohort measured in CY2017, CY2018",NA,NA,NA,NA,NA,"Treasury AY2014-15, AY2015-16 pooled earnings cohort measured in CY2017, CY2018",,,,,,,,,,
EARN_COUNT_WNE_HI_2YR,NA,NA,"Treasury AY2014-15, AY2015-16 pooled earnings cohort measured in CY2017, CY2018",NA,NA,NA,NA,NA,"Treasury AY2014-15, AY2015-16 pooled earnings cohort measured in CY2017, CY2018",,,,,,,,,,
EARN_MDN_HI_2YR,NA,NA,"Treasury AY2014-15, AY2015-16 pooled earnings cohort measured in CY2017, CY2018, inflation adjusted to 2019 dollars",NA,NA,NA,NA,NA,"Treasury AY2014-15, AY2015-16 pooled earnings cohort measured in CY2017, CY2018, inflation adjusted to 2019 dollars",,,,,,,,,,
BBRR2_FED_COMP_N,NA,NA,"NSLDS AY2015-16, AY2016-17 pooled cohorts measured in 2017-18, 2018-19","NSLDS AY2016-17, AY2017-18 pooled cohorts measured in 2018-19, 2019-20",NA,NA,NA,NA,"NSLDS AY2016-17, AY2017-18 pooled cohorts measured in 2018-19, 2019-20",,,,,,,,,,
BBRR2_FED_COMP_DFLT,NA,NA,"NSLDS AY2015-16, AY2016-17 pooled cohorts measured in 2017-18, 2018-19","NSLDS AY2016-17, AY2017-18 pooled cohorts measured in 2018-19, 2019-20",NA,NA,NA,NA,"NSLDS AY2016-17, AY2017-18 pooled cohorts measured in 2018-19, 2019-20",,,,,,,,,,
BBRR2_FED_COMP_DLNQ,NA,NA,"NSLDS AY2015-16, AY2016-17 pooled cohorts measured in 2017-18, 2018-19","NSLDS AY2016-17, AY2017-18 pooled cohorts measured in 2018-19, 2019-20",NA,NA,NA,NA,"NSLDS AY2016-17, AY2017-18 pooled cohorts measured in 2018-19, 2019-20",,,,,,,,,,
BBRR2_FED_COMP_FBR,NA,NA,"NSLDS AY2015-16, AY2016-17 pooled cohorts measured in 2017-18, 2018-19","NSLDS AY2016-17, AY2017-18 pooled cohorts measured in 2018-19, 2019-20",NA,NA,NA,NA,"NSLDS AY2016-17, AY2017-18 pooled cohorts measured in 2018-19, 2019-20",,,,,,,,,,
BBRR2_FED_COMP_DFR,NA,NA,"NSLDS AY2015-16, AY2016-17 pooled cohorts measured in 2017-18, 2018-19","NSLDS AY2016-17, AY2017-18 pooled cohorts measured in 2018-19, 2019-20",NA,NA,NA,NA,"NSLDS AY2016-17, AY2017-18 pooled cohorts measured in 2018-19, 2019-20",,,,,,,,,,
BBRR2_FED_COMP_NOPROG,NA,NA,"NSLDS AY2015-16, AY2016-17 pooled cohorts measured in 2017-18, 2018-19","NSLDS AY2016-17, AY2017-18 pooled cohorts measured in 2018-19, 2019-20",NA,NA,NA,NA,"NSLDS AY2016-17, AY2017-18 pooled cohorts measured in 2018-19, 2019-20",,,,,,,,,,
BBRR2_FED_COMP_MAKEPROG,NA,NA,"NSLDS AY2015-16, AY2016-17 pooled cohorts measured in 2017-18, 2018-19","NSLDS AY2016-17, AY2017-18 pooled cohorts measured in 2018-19, 2019-20",NA,NA,NA,NA,"NSLDS AY2016-17, AY2017-18 pooled cohorts measured in 2018-19, 2019-20",,,,,,,,,,
BBRR2_FED_COMP_PAIDINFULL,NA,NA,"NSLDS AY2015-16, AY2016-17 pooled cohorts measured in 2017-18, 2018-19","NSLDS AY2016-17, AY2017-18 pooled cohorts measured in 2018-19, 2019-20",NA,NA,NA,NA,"NSLDS AY2016-17, AY2017-18 pooled cohorts measured in 2018-19, 2019-20",,,,,,,,,,
BBRR2_FED_COMP_DISCHARGE,NA,NA,"NSLDS AY2015-16, AY2016-17 pooled cohorts measured in 2017-18, 2018-19","NSLDS AY2016-17, AY2017-18 pooled cohorts measured in 2018-19, 2019-20",NA,NA,NA,NA,"NSLDS AY2016-17, AY2017-18 pooled cohorts measured in 2018-19, 2019-20",,,,,,,,,,
BBRR3_FED_COMP_N,NA,NA,NA,"NSLDS AY2015-16, AY2016-17 pooled cohorts measured in 2018-19, 2019-20",NA,NA,NA,NA,"NSLDS AY2015-16, AY2016-17 pooled cohorts measured in 2018-19, 2019-20",,,,,,,,,,
BBRR3_FED_COMP_DFLT,NA,NA,NA,"NSLDS AY2015-16, AY2016-17 pooled cohorts measured in 2018-19, 2019-20",NA,NA,NA,NA,"NSLDS AY2015-16, AY2016-17 pooled cohorts measured in 2018-19, 2019-20",,,,,,,,,,
BBRR3_FED_COMP_DLNQ,NA,NA,NA,"NSLDS AY2015-16, AY2016-17 pooled cohorts measured in 2018-19, 2019-20",NA,NA,NA,NA,"NSLDS AY2015-16, AY2016-17 pooled cohorts measured in 2018-19, 2019-20",,,,,,,,,,
BBRR3_FED_COMP_FBR,NA,NA,NA,"NSLDS AY2015-16, AY2016-17 pooled cohorts measured in 2018-19, 2019-20",NA,NA,NA,NA,"NSLDS AY2015-16, AY2016-17 pooled cohorts measured in 2018-19, 2019-20",,,,,,,,,,
BBRR3_FED_COMP_DFR,NA,NA,NA,"NSLDS AY2015-16, AY2016-17 pooled cohorts measured in 2018-19, 2019-20",NA,NA,NA,NA,"NSLDS AY2015-16, AY2016-17 pooled cohorts measured in 2018-19, 2019-20",,,,,,,,,,
BBRR3_FED_COMP_NOPROG,NA,NA,NA,"NSLDS AY2015-16, AY2016-17 pooled cohorts measured in 2018-19, 2019-20",NA,NA,NA,NA,"NSLDS AY2015-16, AY2016-17 pooled cohorts measured in 2018-19, 2019-20",,,,,,,,,,
BBRR3_FED_COMP_MAKEPROG,NA,NA,NA,"NSLDS AY2015-16, AY2016-17 pooled cohorts measured in 2018-19, 2019-20",NA,NA,NA,NA,"NSLDS AY2015-16, AY2016-17 pooled cohorts measured in 2018-19, 2019-20",,,,,,,,,,
BBRR3_FED_COMP_PAIDINFULL,NA,NA,NA,"NSLDS AY2015-16, AY2016-17 pooled cohorts measured in 2018-19, 2019-20",NA,NA,NA,NA,"NSLDS AY2015-16, AY2016-17 pooled cohorts measured in 2018-19, 2019-20",,,,,,,,,,
BBRR3_FED_COMP_DISCHARGE,NA,NA,NA,"NSLDS AY2015-16, AY2016-17 pooled cohorts measured in 2018-19, 2019-20",NA,NA,NA,NA,"NSLDS AY2015-16, AY2016-17 pooled cohorts measured in 2018-19, 2019-20",,,,,,,,,,
EARN_COUNT_PELL_WNE_1YR,NA,NA,NA,"Treasury AY2016-17, AY2017-18 pooled earnings cohort measured in CY2018, CY2019","Treasury AY2017-18, AY2018-19 pooled earnings cohort measured in CY2019, CY2020","Treasury AY2018-19, AY2019-20 pooled earnings cohort measured in CY2020, CY2021",NA,NA,"Treasury AY2018-19, AY2019-20 pooled earnings cohort measured in CY2020, CY2021",,,,,,,,,,
EARN_PELL_WNE_MDN_1YR,NA,NA,NA,"Treasury AY2016-17, AY2017-18 pooled earnings cohort measured in CY2018, CY2019, inflation adjusted to 2020 dollars","Treasury AY2017-18, AY2018-19 pooled earnings cohort measured in CY2019, CY2020, inflation adjusted to 2021 dollars","Treasury AY2018-19, AY2019-20 pooled earnings cohort measured in CY2020, CY2021, inflation adjusted to 2022 dollars",NA,NA,"Treasury AY2018-19, AY2019-20 pooled earnings cohort measured in CY2020, CY2021, inflation adjusted to 2022 dollars",,,,,,,,,,
EARN_COUNT_NOPELL_WNE_1YR,NA,NA,NA,"Treasury AY2016-17, AY2017-18 pooled earnings cohort measured in CY2018, CY2019","Treasury AY2017-18, AY2018-19 pooled earnings cohort measured in CY2019, CY2020","Treasury AY2018-19, AY2019-20 pooled earnings cohort measured in CY2020, CY2021",NA,NA,"Treasury AY2018-19, AY2019-20 pooled earnings cohort measured in CY2020, CY2021",,,,,,,,,,
EARN_NOPELL_WNE_MDN_1YR,NA,NA,NA,"Treasury AY2016-17, AY2017-18 pooled earnings cohort measured in CY2018, CY2019, inflation adjusted to 2020 dollars","Treasury AY2017-18, AY2018-19 pooled earnings cohort measured in CY2019, CY2020, inflation adjusted to 2021 dollars","Treasury AY2018-19, AY2019-20 pooled earnings cohort measured in CY2020, CY2021, inflation adjusted to 2022 dollars",NA,NA,"Treasury AY2018-19, AY2019-20 pooled earnings cohort measured in CY2020, CY2021, inflation adjusted to 2022 dollars",,,,,,,,,,
EARN_COUNT_MALE_WNE_1YR,NA,NA,NA,"Treasury AY2016-17, AY2017-18 pooled earnings cohort measured in CY2018, CY2019","Treasury AY2017-18, AY2018-19 pooled earnings cohort measured in CY2019, CY2020","Treasury AY2018-19, AY2019-20 pooled earnings cohort measured in CY2020, CY2021",NA,NA,"Treasury AY2018-19, AY2019-20 pooled earnings cohort measured in CY2020, CY2021",,,,,,,,,,
EARN_MALE_WNE_MDN_1YR,NA,NA,NA,"Treasury AY2016-17, AY2017-18 pooled earnings cohort measured in CY2018, CY2019, inflation adjusted to 2020 dollars","Treasury AY2017-18, AY2018-19 pooled earnings cohort measured in CY2019, CY2020, inflation adjusted to 2021 dollars","Treasury AY2018-19, AY2019-20 pooled earnings cohort measured in CY2020, CY2021, inflation adjusted to 2022 dollars",NA,NA,"Treasury AY2018-19, AY2019-20 pooled earnings cohort measured in CY2020, CY2021, inflation adjusted to 2022 dollars",,,,,,,,,,
EARN_COUNT_NOMALE_WNE_1YR,NA,NA,NA,"Treasury AY2016-17, AY2017-18 pooled earnings cohort measured in CY2018, CY2019","Treasury AY2017-18, AY2018-19 pooled earnings cohort measured in CY2019, CY2020","Treasury AY2018-19, AY2019-20 pooled earnings cohort measured in CY2020, CY2021",NA,NA,"Treasury AY2018-19, AY2019-20 pooled earnings cohort measured in CY2020, CY2021",,,,,,,,,,
EARN_NOMALE_WNE_MDN_1YR,NA,NA,NA,"Treasury AY2016-17, AY2017-18 pooled earnings cohort measured in CY2018, CY2019, inflation adjusted to 2020 dollars","Treasury AY2017-18, AY2018-19 pooled earnings cohort measured in CY2019, CY2020, inflation adjusted to 2021 dollars","Treasury AY2018-19, AY2019-20 pooled earnings cohort measured in CY2020, CY2021, inflation adjusted to 2022 dollars",NA,NA,"Treasury AY2018-19, AY2019-20 pooled earnings cohort measured in CY2020, CY2021, inflation adjusted to 2022 dollars",,,,,,,,,,
EARN_COUNT_NE_3YR,NA,NA,NA,"Treasury AY2014-15, AY2015-16 pooled earnings cohort measured in CY2018, CY2019",NA,NA,NA,NA,"Treasury AY2014-15, AY2015-16 pooled earnings cohort measured in CY2018, CY2019",,,,,,,,,,
EARN_NE_MDN_3YR,NA,NA,NA,"Treasury AY2014-15, AY2015-16 pooled earnings cohort measured in CY2018, CY2019, inflation adjusted to 2020 dollars",NA,NA,NA,NA,"Treasury AY2014-15, AY2015-16 pooled earnings cohort measured in CY2018, CY2019, inflation adjusted to 2020 dollars",,,,,,,,,,
EARN_COUNT_WNE_3YR,NA,NA,NA,"Treasury AY2014-15, AY2015-16 pooled earnings cohort measured in CY2018, CY2019",NA,NA,NA,NA,"Treasury AY2014-15, AY2015-16 pooled earnings cohort measured in CY2018, CY2019",,,,,,,,,,
EARN_CNTOVER150_3YR,NA,NA,NA,"Treasury AY2014-15, AY2015-16 pooled earnings cohort measured in CY2018, CY2019",NA,NA,NA,NA,"Treasury AY2014-15, AY2015-16 pooled earnings cohort measured in CY2018, CY2019",,,,,,,,,,
EARN_COUNT_PELL_NE_3YR,NA,NA,NA,"Treasury AY2014-15, AY2015-16 pooled earnings cohort measured in CY2018, CY2019",NA,NA,NA,NA,"Treasury AY2014-15, AY2015-16 pooled earnings cohort measured in CY2018, CY2019",,,,,,,,,,
EARN_PELL_NE_MDN_3YR,NA,NA,NA,"Treasury AY2014-15, AY2015-16 pooled earnings cohort measured in CY2018, CY2019, inflation adjusted to 2020 dollars",NA,NA,NA,NA,"Treasury AY2014-15, AY2015-16 pooled earnings cohort measured in CY2018, CY2019, inflation adjusted to 2020 dollars",,,,,,,,,,
EARN_COUNT_NOPELL_NE_3YR,NA,NA,NA,"Treasury AY2014-15, AY2015-16 pooled earnings cohort measured in CY2018, CY2019",NA,NA,NA,NA,"Treasury AY2014-15, AY2015-16 pooled earnings cohort measured in CY2018, CY2019",,,,,,,,,,
EARN_NOPELL_NE_MDN_3YR,NA,NA,NA,"Treasury AY2014-15, AY2015-16 pooled earnings cohort measured in CY2018, CY2019, inflation adjusted to 2020 dollars",NA,NA,NA,NA,"Treasury AY2014-15, AY2015-16 pooled earnings cohort measured in CY2018, CY2019, inflation adjusted to 2020 dollars",,,,,,,,,,
EARN_COUNT_MALE_NE_3YR,NA,NA,NA,"Treasury AY2014-15, AY2015-16 pooled earnings cohort measured in CY2018, CY2019",NA,NA,NA,NA,"Treasury AY2014-15, AY2015-16 pooled earnings cohort measured in CY2018, CY2019",,,,,,,,,,
EARN_MALE_NE_MDN_3YR,NA,NA,NA,"Treasury AY2014-15, AY2015-16 pooled earnings cohort measured in CY2018, CY2019, inflation adjusted to 2020 dollars",NA,NA,NA,NA,"Treasury AY2014-15, AY2015-16 pooled earnings cohort measured in CY2018, CY2019, inflation adjusted to 2020 dollars",,,,,,,,,,
EARN_COUNT_NOMALE_NE_3YR,NA,NA,NA,"Treasury AY2014-15, AY2015-16 pooled earnings cohort measured in CY2018, CY2019",NA,NA,NA,NA,"Treasury AY2014-15, AY2015-16 pooled earnings cohort measured in CY2018, CY2019",,,,,,,,,,
EARN_NOMALE_NE_MDN_3YR,NA,NA,NA,"Treasury AY2014-15, AY2015-16 pooled earnings cohort measured in CY2018, CY2019, inflation adjusted to 2020 dollars",NA,NA,NA,NA,"Treasury AY2014-15, AY2015-16 pooled earnings cohort measured in CY2018, CY2019, inflation adjusted to 2020 dollars",,,,,,,,,,
EARN_COUNT_NWNE_1YR,NA,NA,NA,NA,"Treasury AY2017-18, AY2018-19 pooled earnings cohort measured in CY2019, CY2020","Treasury AY2018-19, AY2019-20 pooled earnings cohort measured in CY2020, CY2021",NA,NA,"Treasury AY2018-19, AY2019-20 pooled earnings cohort measured in CY2020, CY2021",,,,,,,,,,
EARN_COUNT_WNE_1YR,NA,NA,NA,NA,"Treasury AY2017-18, AY2018-19 pooled earnings cohort measured in CY2019, CY2020","Treasury AY2018-19, AY2019-20 pooled earnings cohort measured in CY2020, CY2021",NA,NA,"Treasury AY2018-19, AY2019-20 pooled earnings cohort measured in CY2020, CY2021",,,,,,,,,,
EARN_MDN_1YR,NA,NA,NA,NA,"Treasury AY2017-18, AY2018-19 pooled earnings cohort measured in CY2019, CY2020, inflation adjusted to 2021 dollars","Treasury AY2018-19, AY2019-20 pooled earnings cohort measured in CY2020, CY2021, inflation adjusted to 2022 dollars",NA,NA,"Treasury AY2018-19, AY2019-20 pooled earnings cohort measured in CY2020, CY2021, inflation adjusted to 2022 dollars",,,,,,,,,,
EARN_GT_THRESHOLD_1YR,NA,NA,NA,NA,"Treasury AY2017-18, AY2018-19 pooled earnings cohort measured in CY2019, CY2020","Treasury AY2018-19, AY2019-20 pooled earnings cohort measured in CY2020, CY2021",NA,NA,"Treasury AY2018-19, AY2019-20 pooled earnings cohort measured in CY2020, CY2021",,,,,,,,,,
EARN_COUNT_HIGH_CRED_1YR,NA,NA,NA,NA,"Treasury AY2017-18, AY2018-19 pooled earnings cohort measured in CY2019, CY2020","Treasury AY2018-19, AY2019-20 pooled earnings cohort measured in CY2020, CY2021",NA,NA,"Treasury AY2018-19, AY2019-20 pooled earnings cohort measured in CY2020, CY2021",,,,,,,,,,
EARN_IN_STATE_1YR,NA,NA,NA,NA,"Treasury AY2017-18, AY2018-19 pooled earnings cohort measured in CY2019, CY2020","Treasury AY2018-19, AY2019-20 pooled earnings cohort measured in CY2020, CY2021",NA,NA,"Treasury AY2018-19, AY2019-20 pooled earnings cohort measured in CY2020, CY2021",,,,,,,,,,
EARN_COUNT_NWNE_4YR,NA,NA,NA,NA,"Treasury AY2014-2015, AY2015-2016 pooled earnings cohort measured in CY2019, CY2020",NA,NA,NA,"Treasury AY2014-2015, AY2015-2016 pooled earnings cohort measured in CY2019, CY2020",,,,,,,,,,
EARN_COUNT_WNE_4YR,NA,NA,NA,NA,"Treasury AY2014-2015, AY2015-2016 pooled earnings cohort measured in CY2019, CY2020",NA,NA,"Treasury AY2017-2018, AY2018-2019 pooled earnings cohort measured in CY2022, CY2023","Treasury AY2017-2018, AY2018-2019 pooled earnings cohort measured in CY2022, CY2023",,,,,,,,,,
EARN_MDN_4YR,NA,NA,NA,NA,"Treasury AY2014-2015, AY2015-2016 pooled earnings cohort measured in CY2019, CY2020, inflation adjusted to 2021 dollars",NA,NA,"Treasury AY2017-2018, AY2018-2019 pooled earnings cohort measured in CY2022, CY2023, inflation adjusted to 2024 dollars","Treasury AY2017-2018, AY2018-2019 pooled earnings cohort measured in CY2022, CY2023, inflation adjusted to 2024 dollars",,,,,,,,,,
EARN_GT_THRESHOLD_4YR,NA,NA,NA,NA,"Treasury AY2014-2015, AY2015-2016 pooled earnings cohort measured in CY2019, CY2020",NA,NA,NA,"Treasury AY2014-2015, AY2015-2016 pooled earnings cohort measured in CY2019, CY2020",,,,,,,,,,
EARN_COUNT_PELL_WNE_4YR,NA,NA,NA,NA,"Treasury AY2014-2015, AY2015-2016 pooled earnings cohort measured in CY2019, CY2020",NA,NA,NA,"Treasury AY2014-2015, AY2015-2016 pooled earnings cohort measured in CY2019, CY2020",,,,,,,,,,
EARN_PELL_WNE_MDN_4YR,NA,NA,NA,NA,"Treasury AY2014-2015, AY2015-2016 pooled earnings cohort measured in CY2019, CY2020, inflation adjusted to 2021 dollars",NA,NA,NA,"Treasury AY2014-2015, AY2015-2016 pooled earnings cohort measured in CY2019, CY2020, inflation adjusted to 2021 dollars",,,,,,,,,,
EARN_COUNT_NOPELL_WNE_4YR,NA,NA,NA,NA,"Treasury AY2014-2015, AY2015-2016 pooled earnings cohort measured in CY2019, CY2020",NA,NA,NA,"Treasury AY2014-2015, AY2015-2016 pooled earnings cohort measured in CY2019, CY2020",,,,,,,,,,
EARN_NOPELL_WNE_MDN_4YR,NA,NA,NA,NA,"Treasury AY2014-2015, AY2015-2016 pooled earnings cohort measured in CY2019, CY2020, inflation adjusted to 2021 dollars",NA,NA,NA,"Treasury AY2014-2015, AY2015-2016 pooled earnings cohort measured in CY2019, CY2020, inflation adjusted to 2021 dollars",,,,,,,,,,
EARN_COUNT_MALE_WNE_4YR,NA,NA,NA,NA,"Treasury AY2014-2015, AY2015-2016 pooled earnings cohort measured in CY2019, CY2020",NA,NA,NA,"Treasury AY2014-2015, AY2015-2016 pooled earnings cohort measured in CY2019, CY2020",,,,,,,,,,
EARN_MALE_WNE_MDN_4YR,NA,NA,NA,NA,"Treasury AY2014-2015, AY2015-2016 pooled earnings cohort measured in CY2019, CY2020, inflation adjusted to 2021 dollars",NA,NA,NA,"Treasury AY2014-2015, AY2015-2016 pooled earnings cohort measured in CY2019, CY2020, inflation adjusted to 2021 dollars",,,,,,,,,,
EARN_COUNT_NOMALE_WNE_4YR,NA,NA,NA,NA,"Treasury AY2014-2015, AY2015-2016 pooled earnings cohort measured in CY2019, CY2020",NA,NA,NA,"Treasury AY2014-2015, AY2015-2016 pooled earnings cohort measured in CY2019, CY2020",,,,,,,,,,
EARN_NOMALE_WNE_MDN_4YR,NA,NA,NA,NA,"Treasury AY2014-2015, AY2015-2016 pooled earnings cohort measured in CY2019, CY2020, inflation adjusted to 2021 dollars",NA,NA,NA,"Treasury AY2014-2015, AY2015-2016 pooled earnings cohort measured in CY2019, CY2020, inflation adjusted to 2021 dollars",,,,,,,,,,
EARN_COUNT_HIGH_CRED_4YR,NA,NA,NA,NA,"Treasury AY2014-2015, AY2015-2016 pooled earnings cohort measured in CY2019, CY2020",NA,NA,NA,"Treasury AY2014-2015, AY2015-2016 pooled earnings cohort measured in CY2019, CY2020",,,,,,,,,,
EARN_IN_STATE_4YR,NA,NA,NA,NA,"Treasury AY2014-2015, AY2015-2016 pooled earnings cohort measured in CY2019, CY2020",NA,NA,NA,"Treasury AY2014-2015, AY2015-2016 pooled earnings cohort measured in CY2019, CY2020",,,,,,,,,,
BBRR1_FED_COMP_N,NA,NA,NA,NA,"NSLDS AY2018-2019, AY2019-2020 pooled cohorts measured in 2019-2020, 2020-2021",NA,NA,NA,"NSLDS AY2018-2019, AY2019-2020 pooled cohorts measured in 2019-2020, 2020-2021",,,,,,,,,,
BBRR1_FED_COMP_DFLT,NA,NA,NA,NA,"NSLDS AY2018-2019, AY2019-2020 pooled cohorts measured in 2019-2020, 2020-2021",NA,NA,NA,"NSLDS AY2018-2019, AY2019-2020 pooled cohorts measured in 2019-2020, 2020-2021",,,,,,,,,,
BBRR1_FED_COMP_DLNQ,NA,NA,NA,NA,"NSLDS AY2018-2019, AY2019-2020 pooled cohorts measured in 2019-2020, 2020-2021",NA,NA,NA,"NSLDS AY2018-2019, AY2019-2020 pooled cohorts measured in 2019-2020, 2020-2021",,,,,,,,,,
BBRR1_FED_COMP_FBR,NA,NA,NA,NA,"NSLDS AY2018-2019, AY2019-2020 pooled cohorts measured in 2019-2020, 2020-2021",NA,NA,NA,"NSLDS AY2018-2019, AY2019-2020 pooled cohorts measured in 2019-2020, 2020-2021",,,,,,,,,,
BBRR1_FED_COMP_DFR,NA,NA,NA,NA,"NSLDS AY2018-2019, AY2019-2020 pooled cohorts measured in 2019-2020, 2020-2021",NA,NA,NA,"NSLDS AY2018-2019, AY2019-2020 pooled cohorts measured in 2019-2020, 2020-2021",,,,,,,,,,
BBRR1_FED_COMP_NOPROG,NA,NA,NA,NA,"NSLDS AY2018-2019, AY2019-2020 pooled cohorts measured in 2019-2020, 2020-2021",NA,NA,NA,"NSLDS AY2018-2019, AY2019-2020 pooled cohorts measured in 2019-2020, 2020-2021",,,,,,,,,,
BBRR1_FED_COMP_MAKEPROG,NA,NA,NA,NA,"NSLDS AY2018-2019, AY2019-2020 pooled cohorts measured in 2019-2020, 2020-2021",NA,NA,NA,"NSLDS AY2018-2019, AY2019-2020 pooled cohorts measured in 2019-2020, 2020-2021",,,,,,,,,,
BBRR1_FED_COMP_PAIDINFULL,NA,NA,NA,NA,"NSLDS AY2018-2019, AY2019-2020 pooled cohorts measured in 2019-2020, 2020-2021",NA,NA,NA,"NSLDS AY2018-2019, AY2019-2020 pooled cohorts measured in 2019-2020, 2020-2021",,,,,,,,,,
BBRR1_FED_COMP_DISCHARGE,NA,NA,NA,NA,"NSLDS AY2018-2019, AY2019-2020 pooled cohorts measured in 2019-2020, 2020-2021",NA,NA,NA,"NSLDS AY2018-2019, AY2019-2020 pooled cohorts measured in 2019-2020, 2020-2021",,,,,,,,,,
BBRR4_FED_COMP_N,NA,NA,NA,NA,"NSLDS AY2015-2016, AY2016-2017 pooled cohorts measured in 2019-2020, 2020-2021",NA,NA,NA,"NSLDS AY2015-2016, AY2016-2017 pooled cohorts measured in 2019-2020, 2020-2021",,,,,,,,,,
BBRR4_FED_COMP_DFLT,NA,NA,NA,NA,"NSLDS AY2015-2016, AY2016-2017 pooled cohorts measured in 2019-2020, 2020-2021",NA,NA,NA,"NSLDS AY2015-2016, AY2016-2017 pooled cohorts measured in 2019-2020, 2020-2021",,,,,,,,,,
BBRR4_FED_COMP_DLNQ,NA,NA,NA,NA,"NSLDS AY2015-2016, AY2016-2017 pooled cohorts measured in 2019-2020, 2020-2021",NA,NA,NA,"NSLDS AY2015-2016, AY2016-2017 pooled cohorts measured in 2019-2020, 2020-2021",,,,,,,,,,
BBRR4_FED_COMP_FBR,NA,NA,NA,NA,"NSLDS AY2015-2016, AY2016-2017 pooled cohorts measured in 2019-2020, 2020-2021",NA,NA,NA,"NSLDS AY2015-2016, AY2016-2017 pooled cohorts measured in 2019-2020, 2020-2021",,,,,,,,,,
BBRR4_FED_COMP_DFR,NA,NA,NA,NA,"NSLDS AY2015-2016, AY2016-2017 pooled cohorts measured in 2019-2020, 2020-2021",NA,NA,NA,"NSLDS AY2015-2016, AY2016-2017 pooled cohorts measured in 2019-2020, 2020-2021",,,,,,,,,,
BBRR4_FED_COMP_NOPROG,NA,NA,NA,NA,"NSLDS AY2015-2016, AY2016-2017 pooled cohorts measured in 2019-2020, 2020-2021",NA,NA,NA,"NSLDS AY2015-2016, AY2016-2017 pooled cohorts measured in 2019-2020, 2020-2021",,,,,,,,,,
BBRR4_FED_COMP_MAKEPROG,NA,NA,NA,NA,"NSLDS AY2015-2016, AY2016-2017 pooled cohorts measured in 2019-2020, 2020-2021",NA,NA,NA,"NSLDS AY2015-2016, AY2016-2017 pooled cohorts measured in 2019-2020, 2020-2021",,,,,,,,,,
BBRR4_FED_COMP_PAIDINFULL,NA,NA,NA,NA,"NSLDS AY2015-2016, AY2016-2017 pooled cohorts measured in 2019-2020, 2020-2021",NA,NA,NA,"NSLDS AY2015-2016, AY2016-2017 pooled cohorts measured in 2019-2020, 2020-2021",,,,,,,,,,
BBRR4_FED_COMP_DISCHARGE,NA,NA,NA,NA,"NSLDS AY2015-2016, AY2016-2017 pooled cohorts measured in 2019-2020, 2020-2021",NA,NA,NA,"NSLDS AY2015-2016, AY2016-2017 pooled cohorts measured in 2019-2020, 2020-2021",,,,,,,,,,
DISTANCE,AY2015-16 reported in IPEDS DCY2016-17,AY2016-17 reported in IPEDS DCY2017-18,AY2017-18 reported in IPEDS DCY2018-19,AY2018-19 reported in IPEDS DCY2019-20,AY2019-20 reported in IPEDS DCY2020-21,AY2020-21 reported in IPEDS DCY2021-22,AY2021-22 reported in IPEDS DCY2022-23,AY2022-23 reported in IPEDS DCY2023-24,AY2022-23 reported in IPEDS DCY2023-24,,,,,,,,,,
EARN_COUNT_NWNE_5YR,NA,NA,NA,NA,NA,"Treasury AY2014-2015, AY2015-2016 pooled earnings cohort measured in CY2020, CY2021",NA,NA,"Treasury AY2014-2015, AY2015-2016 pooled earnings cohort measured in CY2020, CY2021",,,,,,,,,,
EARN_COUNT_WNE_5YR,NA,NA,NA,NA,NA,"Treasury AY2014-2015, AY2015-2016 pooled earnings cohort measured in CY2020, CY2021",NA,NA,"Treasury AY2014-2015, AY2015-2016 pooled earnings cohort measured in CY2020, CY2021",,,,,,,,,,
EARN_MDN_5YR,NA,NA,NA,NA,NA,"Treasury AY2014-2015, AY2015-2016 pooled earnings cohort measured in CY2020, CY2021, inflation adjusted to 2022 dollars",NA,NA,"Treasury AY2014-2015, AY2015-2016 pooled earnings cohort measured in CY2020, CY2021, inflation adjusted to 2022 dollars",,,,,,,,,,
EARN_GT_THRESHOLD_5YR,NA,NA,NA,NA,NA,"Treasury AY2014-2015, AY2015-2016 pooled earnings cohort measured in CY2020, CY2021",NA,NA,"Treasury AY2014-2015, AY2015-2016 pooled earnings cohort measured in CY2020, CY2021",,,,,,,,,,
EARN_COUNT_PELL_WNE_5YR,NA,NA,NA,NA,NA,"Treasury AY2014-2015, AY2015-2016 pooled earnings cohort measured in CY2020, CY2021",NA,NA,"Treasury AY2014-2015, AY2015-2016 pooled earnings cohort measured in CY2020, CY2021",,,,,,,,,,
EARN_PELL_WNE_MDN_5YR,NA,NA,NA,NA,NA,"Treasury AY2014-2015, AY2015-2016 pooled earnings cohort measured in CY2020, CY2021, inflation adjusted to 2022 dollars",NA,NA,"Treasury AY2014-2015, AY2015-2016 pooled earnings cohort measured in CY2020, CY2021, inflation adjusted to 2022 dollars",,,,,,,,,,
EARN_COUNT_NOPELL_WNE_5YR,NA,NA,NA,NA,NA,"Treasury AY2014-2015, AY2015-2016 pooled earnings cohort measured in CY2020, CY2021",NA,NA,"Treasury AY2014-2015, AY2015-2016 pooled earnings cohort measured in CY2020, CY2021",,,,,,,,,,
EARN_NOPELL_WNE_MDN_5YR,NA,NA,NA,NA,NA,"Treasury AY2014-2015, AY2015-2016 pooled earnings cohort measured in CY2020, CY2021, inflation adjusted to 2022 dollars",NA,NA,"Treasury AY2014-2015, AY2015-2016 pooled earnings cohort measured in CY2020, CY2021, inflation adjusted to 2022 dollars",,,,,,,,,,
EARN_COUNT_MALE_WNE_5YR,NA,NA,NA,NA,NA,"Treasury AY2014-2015, AY2015-2016 pooled earnings cohort measured in CY2020, CY2021",NA,NA,"Treasury AY2014-2015, AY2015-2016 pooled earnings cohort measured in CY2020, CY2021",,,,,,,,,,
EARN_MALE_WNE_MDN_5YR,NA,NA,NA,NA,NA,"Treasury AY2014-2015, AY2015-2016 pooled earnings cohort measured in CY2020, CY2021, inflation adjusted to 2022 dollars",NA,NA,"Treasury AY2014-2015, AY2015-2016 pooled earnings cohort measured in CY2020, CY2021, inflation adjusted to 2022 dollars",,,,,,,,,,
EARN_COUNT_NOMALE_WNE_5YR,NA,NA,NA,NA,NA,"Treasury AY2014-2015, AY2015-2016 pooled earnings cohort measured in CY2020, CY2021",NA,NA,"Treasury AY2014-2015, AY2015-2016 pooled earnings cohort measured in CY2020, CY2021",,,,,,,,,,
EARN_NOMALE_WNE_MDN_5YR,NA,NA,NA,NA,NA,"Treasury AY2014-2015, AY2015-2016 pooled earnings cohort measured in CY2020, CY2021, inflation adjusted to 2022 dollars",NA,NA,"Treasury AY2014-2015, AY2015-2016 pooled earnings cohort measured in CY2020, CY2021, inflation adjusted to 2022 dollars",,,,,,,,,,
EARN_COUNT_HIGH_CRED_5YR,NA,NA,NA,NA,NA,"Treasury AY2014-2015, AY2015-2016 pooled earnings cohort measured in CY2020, CY2021",NA,NA,"Treasury AY2014-2015, AY2015-2016 pooled earnings cohort measured in CY2020, CY2021",,,,,,,,,,
EARN_IN_STATE_5YR,NA,NA,NA,NA,NA,"Treasury AY2014-2015, AY2015-2016 pooled earnings cohort measured in CY2020, CY2021",NA,NA,"Treasury AY2014-2015, AY2015-2016 pooled earnings cohort measured in CY2020, CY2021",,,,,,,,,,
EARN_COUNT_WNE_4YR_NAT,NA,NA,NA,NA,NA,NA,NA,"Treasury AY2017-2018, AY2018-2019 pooled earnings cohort measured in CY2022, CY2023","Treasury AY2017-2018, AY2018-2019 pooled earnings cohort measured in CY2022, CY2023",,,,,,,,,,
EARN_MDN_4YR_NAT,NA,NA,NA,NA,NA,NA,NA,"Treasury AY2017-2018, AY2018-2019 pooled earnings cohort measured in CY2022, CY2023, inflation adjusted to 2024 dollars","Treasury AY2017-2018, AY2018-2019 pooled earnings cohort measured in CY2022, CY2023, inflation adjusted to 2024 dollars",,,,,,,,,,
EARN_P25_4YR_NAT,NA,NA,NA,NA,NA,NA,NA,"Treasury AY2017-2018, AY2018-2019 pooled earnings cohort measured in CY2022, CY2023, inflation adjusted to 2024 dollars","Treasury AY2017-2018, AY2018-2019 pooled earnings cohort measured in CY2022, CY2023, inflation adjusted to 2024 dollars",,,,,,,,,,
EARN_P75_4YR_NAT,NA,NA,NA,NA,NA,NA,NA,"Treasury AY2017-2018, AY2018-2019 pooled earnings cohort measured in CY2022, CY2023, inflation adjusted to 2024 dollars","Treasury AY2017-2018, AY2018-2019 pooled earnings cohort measured in CY2022, CY2023, inflation adjusted to 2024 dollars",,,,,,,,,,
,,,,,,,,,,,,,,,,,,,
,,,,,,,,,,,,,,,,,,,
,,,,,,,,,,,,,,,,,,,
,,,,,,,,,,,,,,,,,,,
,,,,,,,,,,,,,,,,,,,
,,,,,,,,,,,,,,,,,,,
,,,,,,,,,,,,,,,,,,,
,,,,,,,,,,,,,,,,,,,
,,,,,,,,,,,,,,,,,,,
,,,,,,,,,,,,,,,,,,,
,,,,,,,,,,,,,,,,,,,
,,,,,,,,,,,,,,,,,,,
,,,,,,,,,,,,,,,,,,,
,,,,,,,,,,,,,,,,,,,
,,,,,,,,,,,,,,,,,,,
,,,,,,,,,,,,,,,,,,,
,,,,,,,,,,,,,,,,,,,
,,,,,,,,,,,,,,,,,,,
,,,,,,,,,,,,,,,,,,,
,,,,,,,,,,,,,,,,,,,
,,,,,,,,,,,,,,,,,,,
,,,,,,,,,,,,,,,,,,,
,,,,,,,,,,,,,,,,,,,
,,,,,,,,,,,,,,,,,,,
,,,,,,,,,,,,,,,,,,,
,,,,,,,,,,,,,,,,,,,
,,,,,,,,,,,,,,,,,,,
,,,,,,,,,,,,,,,,,,,
,,,,,,,,,,,,,,,,,,,
,,,,,,,,,,,,,,,,,,,
,,,,,,,,,,,,,,,,,,,
,,,,,,,,,,,,,,,,,,,
,,,,,,,,,,,,,,,,,,,
,,,,,,,,,,,,,,,,,,,
,,,,,,,,,,,,,,,,,,,
,,,,,,,,,,,,,,,,,,,
,,,,,,,,,,,,,,,,,,,
,,,,,,,,,,,,,,,,,,,
,,,,,,,,,,,,,,,,,,,
,,,,,,,,,,,,,,,,,,,
,,,,,,,,,,,,,,,,,,,
,,,,,,,,,,,,,,,,,,,
,,,,,,,,,,,,,,,,,,,
,,,,,,,,,,,,,,,,,,,
,,,,,,,,,,,,,,,,,,,
,,,,,,,,,,,,,,,,,,,
,,,,,,,,,,,,,,,,,,,
,,,,,,,,,,,,,,,,,,,
,,,,,,,,,,,,,,,,,,,
,,,,,,,,,,,,,,,,,,,
,,,,,,,,,,,,,,,,,,,
,,,,,,,,,,,,,,,,,,,
,,,,,,,,,,,,,,,,,,,
,,,,,,,,,,,,,,,,,,,
,,,,,,,,,,,,,,,,,,,
,,,,,,,,,,,,,,,,,,,
,,,,,,,,,,,,,,,,,,,
,,,,,,,,,,,,,,,,,,,
,,,,,,,,,,,,,,,,,,,
,,,,,,,,,,,,,,,,,,,
,,,,,,,,,,,,,,,,,,,
,,,,,,,,,,,,,,,,,,,
,,,,,,,,,,,,,,,,,,,
,,,,,,,,,,,,,,,,,,,
,,,,,,,,,,,,,,,,,,,
,,,,,,,,,,,,,,,,,,,
,,,,,,,,,,,,,,,,,,,
,,,,,,,,,,,,,,,,,,,
,,,,,,,,,,,,,,,,,,,
,,,,,,,,,,,,,,,,,,,
,,,,,,,,,,,,,,,,,,,
,,,,,,,,,,,,,,,,,,,
,,,,,,,,,,,,,,,,,,,
,,,,,,,,,,,,,,,,,,,
,,,,,,,,,,,,,,,,,,,
,,,,,,,,,,,,,,,,,,,
,,,,,,,,,,,,,,,,,,,
,,,,,,,,,,,,,,,,,,,
,,,,,,,,,,,,,,,,,,,
,,,,,,,,,,,,,,,,,,,
,,,,,,,,,,,,,,,,,,,
,,,,,,,,,,,,,,,,,,,
,,,,,,,,,,,,,,,,,,,
,,,,,,,,,,,,,,,,,,,
,,,,,,,,,,,,,,,,,,,
,,,,,,,,,,,,,,,,,,,
,,,,,,,,,,,,,,,,,,,
,,,,,,,,,,,,,,,,,,,
,,,,,,,,,,,,,,,,,,,
,,,,,,,,,,,,,,,,,,,
,,,,,,,,,,,,,,,,,,,
,,,,,,,,,,,,,,,,,,,
,,,,,,,,,,,,,,,,,,,
,,,,,,,,,,,,,,,,,,,
,,,,,,,,,,,,,,,,,,,
,,,,,,,,,,,,,,,,,,,
,,,,,,,,,,,,,,,,,,,
,,,,,,,,,,,,,,,,,,,
,,,,,,,,,,,,,,,,,,,
,,,,,,,,,,,,,,,,,,,
,,,,,,,,,,,,,,,,,,,
,,,,,,,,,,,,,,,,,,,
,,,,,,,,,,,,,,,,,,,
,,,,,,,,,,,,,,,,,,,
,,,,,,,,,,,,,,,,,,,
,,,,,,,,,,,,,,,,,,,
,,,,,,,,,,,,,,,,,,,
,,,,,,,,,,,,,,,,,,,
,,,,,,,,,,,,,,,,,,,
,,,,,,,,,,,,,,,,,,,
,,,,,,,,,,,,,,,,,,,
,,,,,,,,,,,,,,,,,,,
,,,,,,,,,,,,,,,,,,,
,,,,,,,,,,,,,,,,,,,
,,,,,,,,,,,,,,,,,,,
,,,,,,,,,,,,,,,,,,,
,,,,,,,,,,,,,,,,,,,
,,,,,,,,,,,,,,,,,,,
,,,,,,,,,,,,,,,,,,,
,,,,,,,,,,,,,,,,,,,
,,,,,,,,,,,,,,,,,,,
,,,,,,,,,,,,,,,,,,,
,,,,,,,,,,,,,,,,,,,
,,,,,,,,,,,,,,,,,,,
,,,,,,,,,,,,,,,,,,,
,,,,,,,,,,,,,,,,,,,
,,,,,,,,,,,,,,,,,,,
,,,,,,,,,,,,,,,,,,,
,,,,,,,,,,,,,,,,,,,
,,,,,,,,,,,,,,,,,,,
,,,,,,,,,,,,,,,,,,,
,,,,,,,,,,,,,,,,,,,
,,,,,,,,,,,,,,,,,,,
,,,,,,,,,,,,,,,,,,,
,,,,,,,,,,,,,,,,,,,
,,,,,,,,,,,,,,,,,,,
,,,,,,,,,,,,,,,,,,,
,,,,,,,,,,,,,,,,,,,
,,,,,,,,,,,,,,,,,,,
,,,,,,,,,,,,,,,,,,,
,,,,,,,,,,,,,,,,,,,
,,,,,,,,,,,,,,,,,,,
,,,,,,,,,,,,,,,,,,,
,,,,,,,,,,,,,,,,,,,
,,,,,,,,,,,,,,,,,,,
,,,,,,,,,,,,,,,,,,,
,,,,,,,,,,,,,,,,,,,
,,,,,,,,,,,,,,,,,,,
,,,,,,,,,,,,,,,,,,,
,,,,,,,,,,,,,,,,,,,
,,,,,,,,,,,,,,,,,,,
,,,,,,,,,,,,,,,,,,,
,,,,,,,,,,,,,,,,,,,
,,,,,,,,,,,,,,,,,,,
,,,,,,,,,,,,,,,,,,,
,,,,,,,,,,,,,,,,,,,
,,,,,,,,,,,,,,,,,,,
,,,,,,,,,,,,,,,,,,,
,,,,,,,,,,,,,,,,,,,
,,,,,,,,,,,,,,,,,,,
,,,,,,,,,,,,,,,,,,,
,,,,,,,,,,,,,,,,,,,
,,,,,,,,,,,,,,,,,,,
,,,,,,,,,,,,,,,,,,,
,,,,,,,,,,,,,,,,,,,
,,,,,,,,,,,,,,,,,,,
,,,,,,,,,,,,,,,,,,,
,,,,,,,,,,,,,,,,,,,
,,,,,,,,,,,,,,,,,,,
,,,,,,,,,,,,,,,,,,,
,,,,,,,,,,,,,,,,,,,
,,,,,,,,,,,,,,,,,,,
,,,,,,,,,,,,,,,,,,,
,,,,,,,,,,,,,,,,,,,
,,,,,,,,,,,,,,,,,,,
,,,,,,,,,,,,,,,,,,,
,,,,,,,,,,,,,,,,,,,
,,,,,,,,,,,,,,,,,,,
,,,,,,,,,,,,,,,,,,,
,,,,,,,,,,,,,,,,,,,
,,,,,,,,,,,,,,,,,,,
,,,,,,,,,,,,,,,,,,,
,,,,,,,,,,,,,,,,,,,
,,,,,,,,,,,,,,,,,,,
,,,,,,,,,,,,,,,,,,,
,,,,,,,,,,,,,,,,,,,
,,,,,,,,,,,,,,,,,,,
,,,,,,,,,,,,,,,,,,,
,,,,,,,,,,,,,,,,,,,
,,,,,,,,,,,,,,,,,,,
,,,,,,,,,,,,,,,,,,,
,,,,,,,,,,,,,,,,,,,
,,,,,,,,,,,,,,,,,,,
,,,,,,,,,,,,,,,,,,,
,,,,,,,,,,,,,,,,,,,
,,,,,,,,,,,,,,,,,,,
,,,,,,,,,,,,,,,,,,,
,,,,,,,,,,,,,,,,,,,
,,,,,,,,,,,,,,,,,,,
,,,,,,,,,,,,,,,,,,,
,,,,,,,,,,,,,,,,,,,
,,,,,,,,,,,,,,,,,,,
,,,,,,,,,,,,,,,,,,,
,,,,,,,,,,,,,,,,,,,
,,,,,,,,,,,,,,,,,,,
,,,,,,,,,,,,,,,,,,,
,,,,,,,,,,,,,,,,,,,
,,,,,,,,,,,,,,,,,,,
,,,,,,,,,,,,,,,,,,,
,,,,,,,,,,,,,,,,,,,
,,,,,,,,,,,,,,,,,,,
,,,,,,,,,,,,,,,,,,,
,,,,,,,,,,,,,,,,,,,
,,,,,,,,,,,,,,,,,,,
,,,,,,,,,,,,,,,,,,,
,,,,,,,,,,,,,,,,,,,
,,,,,,,,,,,,,,,,,,,
,,,,,,,,,,,,,,,,,,,
,,,,,,,,,,,,,,,,,,,
,,,,,,,,,,,,,,,,,,,
,,,,,,,,,,,,,,,,,,,
,,,,,,,,,,,,,,,,,,,
,,,,,,,,,,,,,,,,,,,
,,,,,,,,,,,,,,,,,,,
,,,,,,,,,,,,,,,,,,,
,,,,,,,,,,,,,,,,,,,
,,,,,,,,,,,,,,,,,,,
,,,,,,,,,,,,,,,,,,,
,,,,,,,,,,,,,,,,,,,
,,,,,,,,,,,,,,,,,,,
,,,,,,,,,,,,,,,,,,,
,,,,,,,,,,,,,,,,,,,
,,,,,,,,,,,,,,,,,,,
,,,,,,,,,,,,,,,,,,,
,,,,,,,,,,,,,,,,,,,
,,,,,,,,,,,,,,,,,,,
,,,,,,,,,,,,,,,,,,,
,,,,,,,,,,,,,,,,,,,
,,,,,,,,,,,,,,,,,,,
,,,,,,,,,,,,,,,,,,,
,,,,,,,,,,,,,,,,,,,
,,,,,,,,,,,,,,,,,,,
,,,,,,,,,,,,,,,,,,,
,,,,,,,,,,,,,,,,,,,
,,,,,,,,,,,,,,,,,,,
,,,,,,,,,,,,,,,,,,,
,,,,,,,,,,,,,,,,,,,
,,,,,,,,,,,,,,,,,,,
,,,,,,,,,,,,,,,,,,,
,,,,,,,,,,,,,,,,,,,
,,,,,,,,,,,,,,,,,,,
,,,,,,,,,,,,,,,,,,,
,,,,,,,,,,,,,,,,,,,
,,,,,,,,,,,,,,,,,,,
,,,,,,,,,,,,,,,,,,,
,,,,,,,,,,,,,,,,,,,
,,,,,,,,,,,,,,,,,,,
,,,,,,,,,,,,,,,,,,,
,,,,,,,,,,,,,,,,,,,
,,,,,,,,,,,,,,,,,,,
,,,,,,,,,,,,,,,,,,,
,,,,,,,,,,,,,,,,,,,
,,,,,,,,,,,,,,,,,,,
,,,,,,,,,,,,,,,,,,,
,,,,,,,,,,,,,,,,,,,
,,,,,,,,,,,,,,,,,,,
,,,,,,,,,,,,,,,,,,,
,,,,,,,,,,,,,,,,,,,
,,,,,,,,,,,,,,,,,,,
,,,,,,,,,,,,,,,,,,,
,,,,,,,,,,,,,,,,,,,
,,,,,,,,,,,,,,,,,,,
,,,,,,,,,,,,,,,,,,,
,,,,,,,,,,,,,,,,,,,
,,,,,,,,,,,,,,,,,,,
,,,,,,,,,,,,,,,,,,,
,,,,,,,,,,,,,,,,,,,
,,,,,,,,,,,,,,,,,,,
,,,,,,,,,,,,,,,,,,,
,,,,,,,,,,,,,,,,,,,
,,,,,,,,,,,,,,,,,,,
,,,,,,,,,,,,,,,,,,,
,,,,,,,,,,,,,,,,,,,
,,,,,,,,,,,,,,,,,,,
,,,,,,,,,,,,,,,,,,,
,,,,,,,,,,,,,,,,,,,
,,,,,,,,,,,,,,,,,,,
,,,,,,,,,,,,,,,,,,,
,,,,,,,,,,,,,,,,,,,
,,,,,,,,,,,,,,,,,,,
,,,,,,,,,,,,,,,,,,,
,,,,,,,,,,,,,,,,,,,
,,,,,,,,,,,,,,,,,,,
,,,,,,,,,,,,,,,,,,,
,,,,,,,,,,,,,,,,,,,
,,,,,,,,,,,,,,,,,,,
,,,,,,,,,,,,,,,,,,,
,,,,,,,,,,,,,,,,,,,
,,,,,,,,,,,,,,,,,,,
,,,,,,,,,,,,,,,,,,,
,,,,,,,,,,,,,,,,,,,
,,,,,,,,,,,,,,,,,,,
,,,,,,,,,,,,,,,,,,,
,,,,,,,,,,,,,,,,,,,
,,,,,,,,,,,,,,,,,,,
,,,,,,,,,,,,,,,,,,,
,,,,,,,,,,,,,,,,,,,
,,,,,,,,,,,,,,,,,,,
,,,,,,,,,,,,,,,,,,,
,,,,,,,,,,,,,,,,,,,
,,,,,,,,,,,,,,,,,,,
,,,,,,,,,,,,,,,,,,,
,,,,,,,,,,,,,,,,,,,
,,,,,,,,,,,,,,,,,,,
,,,,,,,,,,,,,,,,,,,
,,,,,,,,,,,,,,,,,,,
,,,,,,,,,,,,,,,,,,,
,,,,,,,,,,,,,,,,,,,
,,,,,,,,,,,,,,,,,,,
,,,,,,,,,,,,,,,,,,,
,,,,,,,,,,,,,,,,,,,
,,,,,,,,,,,,,,,,,,,
,,,,,,,,,,,,,,,,,,,
,,,,,,,,,,,,,,,,,,,
,,,,,,,,,,,,,,,,,,,
,,,,,,,,,,,,,,,,,,,
,,,,,,,,,,,,,,,,,,,
,,,,,,,,,,,,,,,,,,,
,,,,,,,,,,,,,,,,,,,
,,,,,,,,,,,,,,,,,,,
,,,,,,,,,,,,,,,,,,,
,,,,,,,,,,,,,,,,,,,
,,,,,,,,,,,,,,,,,,,
,,,,,,,,,,,,,,,,,,,
,,,,,,,,,,,,,,,,,,,
,,,,,,,,,,,,,,,,,,,
,,,,,,,,,,,,,,,,,,,
,,,,,,,,,,,,,,,,,,,
,,,,,,,,,,,,,,,,,,,
,,,,,,,,,,,,,,,,,,,
,,,,,,,,,,,,,,,,,,,
,,,,,,,,,,,,,,,,,,,
,,,,,,,,,,,,,,,,,,,
,,,,,,,,,,,,,,,,,,,
,,,,,,,,,,,,,,,,,,,
,,,,,,,,,,,,,,,,,,,
,,,,,,,,,,,,,,,,,,,
,,,,,,,,,,,,,,,,,,,
,,,,,,,,,,,,,,,,,,,
,,,,,,,,,,,,,,,,,,,
,,,,,,,,,,,,,,,,,,,
,,,,,,,,,,,,,,,,,,,
,,,,,,,,,,,,,,,,,,,
,,,,,,,,,,,,,,,,,,,
,,,,,,,,,,,,,,,,,,,
,,,,,,,,,,,,,,,,,,,
,,,,,,,,,,,,,,,,,,,
,,,,,,,,,,,,,,,,,,,
,,,,,,,,,,,,,,,,,,,
,,,,,,,,,,,,,,,,,,,
,,,,,,,,,,,,,,,,,,,
,,,,,,,,,,,,,,,,,,,
,,,,,,,,,,,,,,,,,,,
,,,,,,,,,,,,,,,,,,,
,,,,,,,,,,,,,,,,,,,
,,,,,,,,,,,,,,,,,,,
,,,,,,,,,,,,,,,,,,,
,,,,,,,,,,,,,,,,,,,
,,,,,,,,,,,,,,,,,,,
,,,,,,,,,,,,,,,,,,,
,,,,,,,,,,,,,,,,,,,
,,,,,,,,,,,,,,,,,,,
,,,,,,,,,,,,,,,,,,,
,,,,,,,,,,,,,,,,,,,
,,,,,,,,,,,,,,,,,,,
,,,,,,,,,,,,,,,,,,,
,,,,,,,,,,,,,,,,,,,
,,,,,,,,,,,,,,,,,,,
,,,,,,,,,,,,,,,,,,,
,,,,,,,,,,,,,,,,,,,
,,,,,,,,,,,,,,,,,,,
,,,,,,,,,,,,,,,,,,,
,,,,,,,,,,,,,,,,,,,
,,,,,,,,,,,,,,,,,,,
,,,,,,,,,,,,,,,,,,,
,,,,,,,,,,,,,,,,,,,
,,,,,,,,,,,,,,,,,,,
,,,,,,,,,,,,,,,,,,,
,,,,,,,,,,,,,,,,,,,
,,,,,,,,,,,,,,,,,,,
,,,,,,,,,,,,,,,,,,,
,,,,,,,,,,,,,,,,,,,
,,,,,,,,,,,,,,,,,,,
,,,,,,,,,,,,,,,,,,,
,,,,,,,,,,,,,,,,,,,
,,,,,,,,,,,,,,,,,,,
,,,,,,,,,,,,,,,,,,,
,,,,,,,,,,,,,,,,,,,
,,,,,,,,,,,,,,,,,,,
,,,,,,,,,,,,,,,,,,,
,,,,,,,,,,,,,,,,,,,
,,,,,,,,,,,,,,,,,,,
,,,,,,,,,,,,,,,,,,,
,,,,,,,,,,,,,,,,,,,
,,,,,,,,,,,,,,,,,,,
,,,,,,,,,,,,,,,,,,,
,,,,,,,,,,,,,,,,,,,
,,,,,,,,,,,,,,,,,,,
,,,,,,,,,,,,,,,,,,,
,,,,,,,,,,,,,,,,,,,
,,,,,,,,,,,,,,,,,,,
,,,,,,,,,,,,,,,,,,,
,,,,,,,,,,,,,,,,,,,
,,,,,,,,,,,,,,,,,,,
,,,,,,,,,,,,,,,,,,,
,,,,,,,,,,,,,,,,,,,
,,,,,,,,,,,,,,,,,,,
,,,,,,,,,,,,,,,,,,,
,,,,,,,,,,,,,,,,,,,
,,,,,,,,,,,,,,,,,,,
,,,,,,,,,,,,,,,,,,,
,,,,,,,,,,,,,,,,,,,
,,,,,,,,,,,,,,,,,,,
,,,,,,,,,,,,,,,,,,,
,,,,,,,,,,,,,,,,,,,
,,,,,,,,,,,,,,,,,,,
,,,,,,,,,,,,,,,,,,,
,,,,,,,,,,,,,,,,,,,
,,,,,,,,,,,,,,,,,,,
,,,,,,,,,,,,,,,,,,,
,,,,,,,,,,,,,,,,,,,
,,,,,,,,,,,,,,,,,,,
,,,,,,,,,,,,,,,,,,,
,,,,,,,,,,,,,,,,,,,
,,,,,,,,,,,,,,,,,,,
,,,,,,,,,,,,,,,,,,,
,,,,,,,,,,,,,,,,,,,
,,,,,,,,,,,,,,,,,,,
,,,,,,,,,,,,,,,,,,,
,,,,,,,,,,,,,,,,,,,
,,,,,,,,,,,,,,,,,,,
,,,,,,,,,,,,,,,,,,,
,,,,,,,,,,,,,,,,,,,
,,,,,,,,,,,,,,,,,,,
,,,,,,,,,,,,,,,,,,,
,,,,,,,,,,,,,,,,,,,
,,,,,,,,,,,,,,,,,,,
,,,,,,,,,,,,,,,,,,,
,,,,,,,,,,,,,,,,,,,
,,,,,,,,,,,,,,,,,,,
,,,,,,,,,,,,,,,,,,,
,,,,,,,,,,,,,,,,,,,
,,,,,,,,,,,,,,,,,,,
,,,,,,,,,,,,,,,,,,,
,,,,,,,,,,,,,,,,,,,
,,,,,,,,,,,,,,,,,,,
,,,,,,,,,,,,,,,,,,,
,,,,,,,,,,,,,,,,,,,
,,,,,,,,,,,,,,,,,,,
,,,,,,,,,,,,,,,,,,,
,,,,,,,,,,,,,,,,,,,
,,,,,,,,,,,,,,,,,,,
,,,,,,,,,,,,,,,,,,,
,,,,,,,,,,,,,,,,,,,
,,,,,,,,,,,,,,,,,,,
,,,,,,,,,,,,,,,,,,,
,,,,,,,,,,,,,,,,,,,
,,,,,,,,,,,,,,,,,,,
,,,,,,,,,,,,,,,,,,,
,,,,,,,,,,,,,,,,,,,
,,,,,,,,,,,,,,,,,,,
,,,,,,,,,,,,,,,,,,,
,,,,,,,,,,,,,,,,,,,
,,,,,,,,,,,,,,,,,,,
,,,,,,,,,,,,,,,,,,,
,,,,,,,,,,,,,,,,,,,
,,,,,,,,,,,,,,,,,,,
,,,,,,,,,,,,,,,,,,,
,,,,,,,,,,,,,,,,,,,
,,,,,,,,,,,,,,,,,,,
,,,,,,,,,,,,,,,,,,,
,,,,,,,,,,,,,,,,,,,
,,,,,,,,,,,,,,,,,,,
,,,,,,,,,,,,,,,,,,,
,,,,,,,,,,,,,,,,,,,
,,,,,,,,,,,,,,,,,,,
,,,,,,,,,,,,,,,,,,,
,,,,,,,,,,,,,,,,,,,
,,,,,,,,,,,,,,,,,,,
,,,,,,,,,,,,,,,,,,,
,,,,,,,,,,,,,,,,,,,
,,,,,,,,,,,,,,,,,,,
,,,,,,,,,,,,,,,,,,,
,,,,,,,,,,,,,,,,,,,
,,,,,,,,,,,,,,,,,,,
,,,,,,,,,,,,,,,,,,,
,,,,,,,,,,,,,,,,,,,
,,,,,,,,,,,,,,,,,,,
,,,,,,,,,,,,,,,,,,,
,,,,,,,,,,,,,,,,,,,
,,,,,,,,,,,,,,,,,,,
,,,,,,,,,,,,,,,,,,,
,,,,,,,,,,,,,,,,,,,
,,,,,,,,,,,,,,,,,,,
,,,,,,,,,,,,,,,,,,,
,,,,,,,,,,,,,,,,,,,
,,,,,,,,,,,,,,,,,,,
,,,,,,,,,,,,,,,,,,,
,,,,,,,,,,,,,,,,,,,
,,,,,,,,,,,,,,,,,,,
,,,,,,,,,,,,,,,,,,,
,,,,,,,,,,,,,,,,,,,
,,,,,,,,,,,,,,,,,,,
,,,,,,,,,,,,,,,,,,,
,,,,,,,,,,,,,,,,,,,
,,,,,,,,,,,,,,,,,,,
,,,,,,,,,,,,,,,,,,,
,,,,,,,,,,,,,,,,,,,
,,,,,,,,,,,,,,,,,,,
,,,,,,,,,,,,,,,,,,,
,,,,,,,,,,,,,,,,,,,
,,,,,,,,,,,,,,,,,,,
,,,,,,,,,,,,,,,,,,,
,,,,,,,,,,,,,,,,,,,
,,,,,,,,,,,,,,,,,,,
,,,,,,,,,,,,,,,,,,,
,,,,,,,,,,,,,,,,,,,
,,,,,,,,,,,,,,,,,,,
,,,,,,,,,,,,,,,,,,,
,,,,,,,,,,,,,,,,,,,
,,,,,,,,,,,,,,,,,,,
,,,,,,,,,,,,,,,,,,,
,,,,,,,,,,,,,,,,,,,
,,,,,,,,,,,,,,,,,,,
,,,,,,,,,,,,,,,,,,,
,,,,,,,,,,,,,,,,,,,
,,,,,,,,,,,,,,,,,,,
,,,,,,,,,,,,,,,,,,,
,,,,,,,,,,,,,,,,,,,
,,,,,,,,,,,,,,,,,,,
,,,,,,,,,,,,,,,,,,,
,,,,,,,,,,,,,,,,,,,
,,,,,,,,,,,,,,,,,,,
,,,,,,,,,,,,,,,,,,,
,,,,,,,,,,,,,,,,,,,
,,,,,,,,,,,,,,,,,,,
,,,,,,,,,,,,,,,,,,,
,,,,,,,,,,,,,,,,,,,
,,,,,,,,,,,,,,,,,,,
,,,,,,,,,,,,,,,,,,,
,,,,,,,,,,,,,,,,,,,
,,,,,,,,,,,,,,,,,,,
,,,,,,,,,,,,,,,,,,,
,,,,,,,,,,,,,,,,,,,
,,,,,,,,,,,,,,,,,,,
,,,,,,,,,,,,,,,,,,,
,,,,,,,,,,,,,,,,,,,
,,,,,,,,,,,,,,,,,,,
,,,,,,,,,,,,,,,,,,,
,,,,,,,,,,,,,,,,,,,
,,,,,,,,,,,,,,,,,,,
,,,,,,,,,,,,,,,,,,,
,,,,,,,,,,,,,,,,,,,
,,,,,,,,,,,,,,,,,,,
,,,,,,,,,,,,,,,,,,,
,,,,,,,,,,,,,,,,,,,
,,,,,,,,,,,,,,,,,,,
,,,,,,,,,,,,,,,,,,,
,,,,,,,,,,,,,,,,,,,
,,,,,,,,,,,,,,,,,,,
,,,,,,,,,,,,,,,,,,,
,,,,,,,,,,,,,,,,,,,
,,,,,,,,,,,,,,,,,,,
,,,,,,,,,,,,,,,,,,,
,,,,,,,,,,,,,,,,,,,
,,,,,,,,,,,,,,,,,,,
,,,,,,,,,,,,,,,,,,,
,,,,,,,,,,,,,,,,,,,
,,,,,,,,,,,,,,,,,,,
,,,,,,,,,,,,,,,,,,,
,,,,,,,,,,,,,,,,,,,
,,,,,,,,,,,,,,,,,,,
,,,,,,,,,,,,,,,,,,,
,,,,,,,,,,,,,,,,,,,
,,,,,,,,,,,,,,,,,,,
,,,,,,,,,,,,,,,,,,,
,,,,,,,,,,,,,,,,,,,
,,,,,,,,,,,,,,,,,,,
,,,,,,,,,,,,,,,,,,,
,,,,,,,,,,,,,,,,,,,
,,,,,,,,,,,,,,,,,,,
,,,,,,,,,,,,,,,,,,,
,,,,,,,,,,,,,,,,,,,
,,,,,,,,,,,,,,,,,,,
,,,,,,,,,,,,,,,,,,,
,,,,,,,,,,,,,,,,,,,
,,,,,,,,,,,,,,,,,,,
,,,,,,,,,,,,,,,,,,,
,,,,,,,,,,,,,,,,,,,
,,,,,,,,,,,,,,,,,,,
,,,,,,,,,,,,,,,,,,,
,,,,,,,,,,,,,,,,,,,
,,,,,,,,,,,,,,,,,,,
,,,,,,,,,,,,,,,,,,,
,,,,,,,,,,,,,,,,,,,
,,,,,,,,,,,,,,,,,,,
,,,,,,,,,,,,,,,,,,,
,,,,,,,,,,,,,,,,,,,
,,,,,,,,,,,,,,,,,,,
,,,,,,,,,,,,,,,,,,,
,,,,,,,,,,,,,,,,,,,
,,,,,,,,,,,,,,,,,,,
,,,,,,,,,,,,,,,,,,,
,,,,,,,,,,,,,,,,,,,
,,,,,,,,,,,,,,,,,,,
,,,,,,,,,,,,,,,,,,,
,,,,,,,,,,,,,,,,,,,
,,,,,,,,,,,,,,,,,,,
,,,,,,,,,,,,,,,,,,,
,,,,,,,,,,,,,,,,,,,
,,,,,,,,,,,,,,,,,,,
,,,,,,,,,,,,,,,,,,,
,,,,,,,,,,,,,,,,,,,
,,,,,,,,,,,,,,,,,,,
,,,,,,,,,,,,,,,,,,,
,,,,,,,,,,,,,,,,,,,
,,,,,,,,,,,,,,,,,,,
,,,,,,,,,,,,,,,,,,,
,,,,,,,,,,,,,,,,,,,
,,,,,,,,,,,,,,,,,,,
,,,,,,,,,,,,,,,,,,,
,,,,,,,,,,,,,,,,,,,
,,,,,,,,,,,,,,,,,,,
,,,,,,,,,,,,,,,,,,,
,,,,,,,,,,,,,,,,,,,
,,,,,,,,,,,,,,,,,,,
,,,,,,,,,,,,,,,,,,,
,,,,,,,,,,,,,,,,,,,
,,,,,,,,,,,,,,,,,,,
,,,,,,,,,,,,,,,,,,,
,,,,,,,,,,,,,,,,,,,
,,,,,,,,,,,,,,,,,,,
,,,,,,,,,,,,,,,,,,,
,,,,,,,,,,,,,,,,,,,
,,,,,,,,,,,,,,,,,,,
,,,,,,,,,,,,,,,,,,,
,,,,,,,,,,,,,,,,,,,
,,,,,,,,,,,,,,,,,,,
,,,,,,,,,,,,,,,,,,,
,,,,,,,,,,,,,,,,,,,
,,,,,,,,,,,,,,,,,,,
,,,,,,,,,,,,,,,,,,,
,,,,,,,,,,,,,,,,,,,
,,,,,,,,,,,,,,,,,,,
,,,,,,,,,,,,,,,,,,,
,,,,,,,,,,,,,,,,,,,
,,,,,,,,,,,,,,,,,,,
,,,,,,,,,,,,,,,,,,,
,,,,,,,,,,,,,,,,,,,
,,,,,,,,,,,,,,,,,,,
,,,,,,,,,,,,,,,,,,,
,,,,,,,,,,,,,,,,,,,
,,,,,,,,,,,,,,,,,,,
,,,,,,,,,,,,,,,,,,,
,,,,,,,,,,,,,,,,,,,
,,,,,,,,,,,,,,,,,,,
,,,,,,,,,,,,,,,,,,,
,,,,,,,,,,,,,,,,,,,
,,,,,,,,,,,,,,,,,,,
,,,,,,,,,,,,,,,,,,,
,,,,,,,,,,,,,,,,,,,
,,,,,,,,,,,,,,,,,,,
,,,,,,,,,,,,,,,,,,,
,,,,,,,,,,,,,,,,,,,
,,,,,,,,,,,,,,,,,,,
,,,,,,,,,,,,,,,,,,,
,,,,,,,,,,,,,,,,,,,
,,,,,,,,,,,,,,,,,,,
,,,,,,,,,,,,,,,,,,,
,,,,,,,,,,,,,,,,,,,
,,,,,,,,,,,,,,,,,,,
,,,,,,,,,,,,,,,,,,,
,,,,,,,,,,,,,,,,,,,
,,,,,,,,,,,,,,,,,,,
,,,,,,,,,,,,,,,,,,,
,,,,,,,,,,,,,,,,,,,
,,,,,,,,,,,,,,,,,,,
,,,,,,,,,,,,,,,,,,,
,,,,,,,,,,,,,,,,,,,
,,,,,,,,,,,,,,,,,,,
,,,,,,,,,,,,,,,,,,,
,,,,,,,,,,,,,,,,,,,
,,,,,,,,,,,,,,,,,,,
,,,,,,,,,,,,,,,,,,,
,,,,,,,,,,,,,,,,,,,
,,,,,,,,,,,,,,,,,,,
,,,,,,,,,,,,,,,,,,,
,,,,,,,,,,,,,,,,,,,
,,,,,,,,,,,,,,,,,,,
,,,,,,,,,,,,,,,,,,,
,,,,,,,,,,,,,,,,,,,
,,,,,,,,,,,,,,,,,,,
,,,,,,,,,,,,,,,,,,,
,,,,,,,,,,,,,,,,,,,
,,,,,,,,,,,,,,,,,,,
,,,,,,,,,,,,,,,,,,,
,,,,,,,,,,,,,,,,,,,
,,,,,,,,,,,,,,,,,,,
,,,,,,,,,,,,,,,,,,,
,,,,,,,,,,,,,,,,,,,
,,,,,,,,,,,,,,,,,,,
,,,,,,,,,,,,,,,,,,,
,,,,,,,,,,,,,,,,,,,
,,,,,,,,,,,,,,,,,,,
,,,,,,,,,,,,,,,,,,,
,,,,,,,,,,,,,,,,,,,
,,,,,,,,,,,,,,,,,,,
,,,,,,,,,,,,,,,,,,,
,,,,,,,,,,,,,,,,,,,
,,,,,,,,,,,,,,,,,,,
,,,,,,,,,,,,,,,,,,,
,,,,,,,,,,,,,,,,,,,
,,,,,,,,,,,,,,,,,,,
,,,,,,,,,,,,,,,,,,,
,,,,,,,,,,,,,,,,,,,
,,,,,,,,,,,,,,,,,,,
,,,,,,,,,,,,,,,,,,,
,,,,,,,,,,,,,,,,,,,
,,,,,,,,,,,,,,,,,,,
,,,,,,,,,,,,,,,,,,,
,,,,,,,,,,,,,,,,,,,
,,,,,,,,,,,,,,,,,,,
,,,,,,,,,,,,,,,,,,,
,,,,,,,,,,,,,,,,,,,
,,,,,,,,,,,,,,,,,,,
,,,,,,,,,,,,,,,,,,,
,,,,,,,,,,,,,,,,,,,
,,,,,,,,,,,,,,,,,,,
,,,,,,,,,,,,,,,,,,,
,,,,,,,,,,,,,,,,,,,
,,,,,,,,,,,,,,,,,,,
,,,,,,,,,,,,,,,,,,,
,,,,,,,,,,,,,,,,,,,
,,,,,,,,,,,,,,,,,,,
,,,,,,,,,,,,,,,,,,,
,,,,,,,,,,,,,,,,,,,
,,,,,,,,,,,,,,,,,,,
,,,,,,,,,,,,,,,,,,,
,,,,,,,,,,,,,,,,,,,
,,,,,,,,,,,,,,,,,,,
,,,,,,,,,,,,,,,,,,,
,,,,,,,,,,,,,,,,,,,
,,,,,,,,,,,,,,,,,,,
,,,,,,,,,,,,,,,,,,,
,,,,,,,,,,,,,,,,,,,
,,,,,,,,,,,,,,,,,,,
,,,,,,,,,,,,,,,,,,,
,,,,,,,,,,,,,,,,,,,
,,,,,,,,,,,,,,,,,,,
,,,,,,,,,,,,,,,,,,,
,,,,,,,,,,,,,,,,,,,
,,,,,,,,,,,,,,,,,,,
,,,,,,,,,,,,,,,,,,,
,,,,,,,,,,,,,,,,,,,
,,,,,,,,,,,,,,,,,,,
,,,,,,,,,,,,,,,,,,,
,,,,,,,,,,,,,,,,,,,
,,,,,,,,,,,,,,,,,,,
,,,,,,,,,,,,,,,,,,,
,,,,,,,,,,,,,,,,,,,
,,,,,,,,,,,,,,,,,,,
,,,,,,,,,,,,,,,,,,,
,,,,,,,,,,,,,,,,,,,
,,,,,,,,,,,,,,,,,,,
,,,,,,,,,,,,,,,,,,,
,,,,,,,,,,,,,,,,,,,
,,,,,,,,,,,,,,,,,,,
,,,,,,,,,,,,,,,,,,,
,,,,,,,,,,,,,,,,,,,
,,,,,,,,,,,,,,,,,,,
,,,,,,,,,,,,,,,,,,,
,,,,,,,,,,,,,,,,,,,
,,,,,,,,,,,,,,,,,,,
,,,,,,,,,,,,,,,,,,,
,,,,,,,,,,,,,,,,,,,
,,,,,,,,,,,,,,,,,,,
,,,,,,,,,,,,,,,,,,,
,,,,,,,,,,,,,,,,,,,
,,,,,,,,,,,,,,,,,,,
,,,,,,,,,,,,,,,,,,,
,,,,,,,,,,,,,,,,,,,
,,,,,,,,,,,,,,,,,,,
,,,,,,,,,,,,,,,,,,,
,,,,,,,,,,,,,,,,,,,
,,,,,,,,,,,,,,,,,,,
,,,,,,,,,,,,,,,,,,,
,,,,,,,,,,,,,,,,,,,
,,,,,,,,,,,,,,,,,,,
,,,,,,,,,,,,,,,,,,,
,,,,,,,,,,,,,,,,,,,
,,,,,,,,,,,,,,,,,,,
,,,,,,,,,,,,,,,,,,,
,,,,,,,,,,,,,,,,,,,
,,,,,,,,,,,,,,,,,,,
,,,,,,,,,,,,,,,,,,,
,,,,,,,,,,,,,,,,,,,
,,,,,,,,,,,,,,,,,,,
,,,,,,,,,,,,,,,,,,,
,,,,,,,,,,,,,,,,,,,
,,,,,,,,,,,,,,,,,,,
,,,,,,,,,,,,,,,,,,,
,,,,,,,,,,,,,,,,,,,
,,,,,,,,,,,,,,,,,,,
,,,,,,,,,,,,,,,,,,,
,,,,,,,,,,,,,,,,,,,
,,,,,,,,,,,,,,,,,,,
,,,,,,,,,,,,,,,,,,,
,,,,,,,,,,,,,,,,,,,
,,,,,,,,,,,,,,,,,,,
,,,,,,,,,,,,,,,,,,,
,,,,,,,,,,,,,,,,,,,
,,,,,,,,,,,,,,,,,,,
,,,,,,,,,,,,,,,,,,,
,,,,,,,,,,,,,,,,,,,
,,,,,,,,,,,,,,,,,,,
,,,,,,,,,,,,,,,,,,,
,,,,,,,,,,,,,,,,,,,
,,,,,,,,,,,,,,,,,,,
,,,,,,,,,,,,,,,,,,,
,,,,,,,,,,,,,,,,,,,
,,,,,,,,,,,,,,,,,,,
,,,,,,,,,,,,,,,,,,,
,,,,,,,,,,,,,,,,,,,
,,,,,,,,,,,,,,,,,,,
,,,,,,,,,,,,,,,,,,,
,,,,,,,,,,,,,,,,,,,
,,,,,,,,,,,,,,,,,,,
,,,,,,,,,,,,,,,,,,,
,,,,,,,,,,,,,,,,,,,
,,,,,,,,,,,,,,,,,,,
,,,,,,,,,,,,,,,,,,,
,,,,,,,,,,,,,,,,,,,
,,,,,,,,,,,,,,,,,,,
,,,,,,,,,,,,,,,,,,,
,,,,,,,,,,,,,,,,,,,
,,,,,,,,,,,,,,,,,,,
,,,,,,,,,,,,,,,,,,,
,,,,,,,,,,,,,,,,,,,
,,,,,,,,,,,,,,,,,,,
,,,,,,,,,,,,,,,,,,,
,,,,,,,,,,,,,,,,,,,
,,,,,,,,,,,,,,,,,,,
,,,,,,,,,,,,,,,,,,,
,,,,,,,,,,,,,,,,,,,
,,,,,,,,,,,,,,,,,,,
,,,,,,,,,,,,,,,,,,,
,,,,,,,,,,,,,,,,,,,
,,,,,,,,,,,,,,,,,,,
,,,,,,,,,,,,,,,,,,,
,,,,,,,,,,,,,,,,,,,
,,,,,,,,,,,,,,,,,,,
,,,,,,,,,,,,,,,,,,,
,,,,,,,,,,,,,,,,,,,
,,,,,,,,,,,,,,,,,,,
,,,,,,,,,,,,,,,,,,,
,,,,,,,,,,,,,,,,,,,
,,,,,,,,,,,,,,,,,,,
,,,,,,,,,,,,,,,,,,,
,,,,,,,,,,,,,,,,,,,
,,,,,,,,,,,,,,,,,,,
,,,,,,,,,,,,,,,,,,,
,,,,,,,,,,,,,,,,,,,
,,,,,,,,,,,,,,,,,,,
,,,,,,,,,,,,,,,,,,,
,,,,,,,,,,,,,,,,,,,
,,,,,,,,,,,,,,,,,,,
,,,,,,,,,,,,,,,,,,,
,,,,,,,,,,,,,,,,,,,
,,,,,,,,,,,,,,,,,,,
,,,,,,,,,,,,,,,,,,,
,,,,,,,,,,,,,,,,,,,
,,,,,,,,,,,,,,,,,,,
,,,,,,,,,,,,,,,,,,,
,,,,,,,,,,,,,,,,,,,
,,,,,,,,,,,,,,,,,,,
,,,,,,,,,,,,,,,,,,,
,,,,,,,,,,,,,,,,,,,
,,,,,,,,,,,,,,,,,,,
,,,,,,,,,,,,,,,,,,,
,,,,,,,,,,,,,,,,,,,
,,,,,,,,,,,,,,,,,,,
,,,,,,,,,,,,,,,,,,,
,,,,,,,,,,,,,,,,,,,
,,,,,,,,,,,,,,,,,,,
,,,,,,,,,,,,,,,,,,,
,,,,,,,,,,,,,,,,,,,
,,,,,,,,,,,,,,,,,,,
,,,,,,,,,,,,,,,,,,,
,,,,,,,,,,,,,,,,,,,
,,,,,,,,,,,,,,,,,,,
,,,,,,,,,,,,,,,,,,,
,,,,,,,,,,,,,,,,,,,
,,,,,,,,,,,,,,,,,,,
,,,,,,,,,,,,,,,,,,,
,,,,,,,,,,,,,,,,,,,
,,,,,,,,,,,,,,,,,,,
,,,,,,,,,,,,,,,,,,,
,,,,,,,,,,,,,,,,,,,
,,,,,,,,,,,,,,,,,,,
,,,,,,,,,,,,,,,,,,,
,,,,,,,,,,,,,,,,,,,
,,,,,,,,,,,,,,,,,,,
,,,,,,,,,,,,,,,,,,,
,,,,,,,,,,,,,,,,,,,
,,,,,,,,,,,,,,,,,,,
,,,,,,,,,,,,,,,,,,,
,,,,,,,,,,,,,,,,,,,
,,,,,,,,,,,,,,,,,,,
,,,,,,,,,,,,,,,,,,,
,,,,,,,,,,,,,,,,,,,
,,,,,,,,,,,,,,,,,,,
,,,,,,,,,,,,,,,,,,,
,,,,,,,,,,,,,,,,,,,
,,,,,,,,,,,,,,,,,,,
,,,,,,,,,,,,,,,,,,,
,,,,,,,,,,,,,,,,,,,
,,,,,,,,,,,,,,,,,,,
,,,,,,,,,,,,,,,,,,,
,,,,,,,,,,,,,,,,,,,
,,,,,,,,,,,,,,,,,,,
,,,,,,,,,,,,,,,,,,,
,,,,,,,,,,,,,,,,,,,
,,,,,,,,,,,,,,,,,,,
,,,,,,,,,,,,,,,,,,,
,,,,,,,,,,,,,,,,,,,
,,,,,,,,,,,,,,,,,,,
,,,,,,,,,,,,,,,,,,,
,,,,,,,,,,,,,,,,,,,
,,,,,,,,,,,,,,,,,,,
,,,,,,,,,,,,,,,,,,,
,,,,,,,,,,,,,,,,,,,
,,,,,,,,,,,,,,,,,,,
,,,,,,,,,,,,,,,,,,,
,,,,,,,,,,,,,,,,,,,
,,,,,,,,,,,,,,,,,,,
,,,,,,,,,,,,,,,,,,,
,,,,,,,,,,,,,,,,,,,
,,,,,,,,,,,,,,,,,,,
,,,,,,,,,,,,,,,,,,,
,,,,,,,,,,,,,,,,,,,
,,,,,,,,,,,,,,,,,,,
,,,,,,,,,,,,,,,,,,,
,,,,,,,,,,,,,,,,,,,
,,,,,,,,,,,,,,,,,,,
,,,,,,,,,,,,,,,,,,,
,,,,,,,,,,,,,,,,,,,
,,,,,,,,,,,,,,,,,,,
,,,,,,,,,,,,,,,,,,,
,,,,,,,,,,,,,,,,,,,
,,,,,,,,,,,,,,,,,,,
,,,,,,,,,,,,,,,,,,,
,,,,,,,,,,,,,,,,,,,
,,,,,,,,,,,,,,,,,,,
,,,,,,,,,,,,,,,,,,,
,,,,,,,,,,,,,,,,,,,
,,,,,,,,,,,,,,,,,,,
,,,,,,,,,,,,,,,,,,,
,,,,,,,,,,,,,,,,,,,
,,,,,,,,,,,,,,,,,,,
,,,,,,,,,,,,,,,,,,,
,,,,,,,,,,,,,,,,,,,
,,,,,,,,,,,,,,,,,,,
,,,,,,,,,,,,,,,,,,,
,,,,,,,,,,,,,,,,,,,
,,,,,,,,,,,,,,,,,,,
,,,,,,,,,,,,,,,,,,,
,,,,,,,,,,,,,,,,,,,
,,,,,,,,,,,,,,,,,,,
,,,,,,,,,,,,,,,,,,,
,,,,,,,,,,,,,,,,,,,
,,,,,,,,,,,,,,,,,,,
,,,,,,,,,,,,,,,,,,,
,,,,,,,,,,,,,,,,,,,
,,,,,,,,,,,,,,,,,,,
,,,,,,,,,,,,,,,,,,,
,,,,,,,,,,,,,,,,,,,
,,,,,,,,,,,,,,,,,,,
,,,,,,,,,,,,,,,,,,,
,,,,,,,,,,,,,,,,,,,
,,,,,,,,,,,,,,,,,,,
,,,,,,,,,,,,,,,,,,,
,,,,,,,,,,,,,,,,,,,
,,,,,,,,,,,,,,,,,,,
,,,,,,,,,,,,,,,,,,,
,,,,,,,,,,,,,,,,,,,
,,,,,,,,,,,,,,,,,,,
,,,,,,,,,,,,,,,,,,,
,,,,,,,,,,,,,,,,,,,
,,,,,,,,,,,,,,,,,,,
,,,,,,,,,,,,,,,,,,,
,,,,,,,,,,,,,,,,,,,
,,,,,,,,,,,,,,,,,,,
,,,,,,,,,,,,,,,,,,,
,,,,,,,,,,,,,,,,,,,
,,,,,,,,,,,,,,,,,,,
,,,,,,,,,,,,,,,,,,,
,,,,,,,,,,,,,,,,,,,
,,,,,,,,,,,,,,,,,,,
,,,,,,,,,,,,,,,,,,,
,,,,,,,,,,,,,,,,,,,
,,,,,,,,,,,,,,,,,,,
,,,,,,,,,,,,,,,,,,,
,,,,,,,,,,,,,,,,,,,
,,,,,,,,,,,,,,,,,,,
,,,,,,,,,,,,,,,,,,,
,,,,,,,,,,,,,,,,,,,
,,,,,,,,,,,,,,,,,,,
,,,,,,,,,,,,,,,,,,,
,,,,,,,,,,,,,,,,,,,
,,,,,,,,,,,,,,,,,,,
,,,,,,,,,,,,,,,,,,,
,,,,,,,,,,,,,,,,,,,
,,,,,,,,,,,,,,,,,,,
,,,,,,,,,,,,,,,,,,,
,,,,,,,,,,,,,,,,,,,
,,,,,,,,,,,,,,,,,,,
,,,,,,,,,,,,,,,,,,,
,,,,,,,,,,,,,,,,,,,
,,,,,,,,,,,,,,,,,,,
,,,,,,,,,,,,,,,,,,,
,,,,,,,,,,,,,,,,,,,
,,,,,,,,,,,,,,,,,,,
,,,,,,,,,,,,,,,,,,,
,,,,,,,,,,,,,,,,,,,
,,,,,,,,,,,,,,,,,,,
,,,,,,,,,,,,,,,,,,,
,,,,,,,,,,,,,,,,,,,
,,,,,,,,,,,,,,,,,,,
,,,,,,,,,,,,,,,,,,,
,,,,,,,,,,,,,,,,,,,
,,,,,,,,,,,,,,,,,,,
,,,,,,,,,,,,,,,,,,,
,,,,,,,,,,,,,,,,,,,
,,,,,,,,,,,,,,,,,,,
,,,,,,,,,,,,,,,,,,,
,,,,,,,,,,,,,,,,,,,
,,,,,,,,,,,,,,,,,,,
,,,,,,,,,,,,,,,,,,,
,,,,,,,,,,,,,,,,,,,
,,,,,,,,,,,,,,,,,,,
,,,,,,,,,,,,,,,,,,,
,,,,,,,,,,,,,,,,,,,
,,,,,,,,,,,,,,,,,,,
,,,,,,,,,,,,,,,,,,,
,,,,,,,,,,,,,,,,,,,
,,,,,,,,,,,,,,,,,,,
,,,,,,,,,,,,,,,,,,,
,,,,,,,,,,,,,,,,,,,
,,,,,,,,,,,,,,,,,,,
,,,,,,,,,,,,,,,,,,,
,,,,,,,,,,,,,,,,,,,
,,,,,,,,,,,,,,,,,,,
,,,,,,,,,,,,,,,,,,,
,,,,,,,,,,,,,,,,,,,
,,,,,,,,,,,,,,,,,,,
,,,,,,,,,,,,,,,,,,,
,,,,,,,,,,,,,,,,,,,
,,,,,,,,,,,,,,,,,,,
,,,,,,,,,,,,,,,,,,,
,,,,,,,,,,,,,,,,,,,
,,,,,,,,,,,,,,,,,,,
,,,,,,,,,,,,,,,,,,,
,,,,,,,,,,,,,,,,,,,
,,,,,,,,,,,,,,,,,,,
,,,,,,,,,,,,,,,,,,,
,,,,,,,,,,,,,,,,,,,
,,,,,,,,,,,,,,,,,,,
,,,,,,,,,,,,,,,,,,,
,,,,,,,,,,,,,,,,,,,
,,,,,,,,,,,,,,,,,,,
,,,,,,,,,,,,,,,,,,,
,,,,,,,,,,,,,,,,,,,
,,,,,,,,,,,,,,,,,,,
,,,,,,,,,,,,,,,,,,,
,,,,,,,,,,,,,,,,,,,
,,,,,,,,,,,,,,,,,,,
,,,,,,,,,,,,,,,,,,,
,,,,,,,,,,,,,,,,,,,
,,,,,,,,,,,,,,,,,,,
,,,,,,,,,,,,,,,,,,,
,,,,,,,,,,,,,,,,,,,
,,,,,,,,,,,,,,,,,,,
,,,,,,,,,,,,,,,,,,,
,,,,,,,,,,,,,,,,,,,
,,,,,,,,,,,,,,,,,,,
,,,,,,,,,,,,,,,,,,,
,,,,,,,,,,,,,,,,,,,
,,,,,,,,,,,,,,,,,,,
,,,,,,,,,,,,,,,,,,,
,,,,,,,,,,,,,,,,,,,
,,,,,,,,,,,,,,,,,,,
,,,,,,,,,,,,,,,,,,,
,,,,,,,,,,,,,,,,,,,
,,,,,,,,,,,,,,,,,,,
,,,,,,,,,,,,,,,,,,,
,,,,,,,,,,,,,,,,,,,
,,,,,,,,,,,,,,,,,,,
,,,,,,,,,,,,,,,,,,,
,,,,,,,,,,,,,,,,,,,
,,,,,,,,,,,,,,,,,,,
,,,,,,,,,,,,,,,,,,,
,,,,,,,,,,,,,,,,,,,
,,,,,,,,,,,,,,,,,,,
,,,,,,,,,,,,,,,,,,,
,,,,,,,,,,,,,,,,,,,
,,,,,,,,,,,,,,,,,,,
,,,,,,,,,,,,,,,,,,,
,,,,,,,,,,,,,,,,,,,
,,,,,,,,,,,,,,,,,,,
,,,,,,,,,,,,,,,,,,,
,,,,,,,,,,,,,,,,,,,
,,,,,,,,,,,,,,,,,,,
,,,,,,,,,,,,,,,,,,,
,,,,,,,,,,,,,,,,,,,
,,,,,,,,,,,,,,,,,,,
,,,,,,,,,,,,,,,,,,,
,,,,,,,,,,,,,,,,,,,
,,,,,,,,,,,,,,,,,,,
,,,,,,,,,,,,,,,,,,,
,,,,,,,,,,,,,,,,,,,
,,,,,,,,,,,,,,,,,,,
,,,,,,,,,,,,,,,,,,,
,,,,,,,,,,,,,,,,,,,
,,,,,,,,,,,,,,,,,,,
,,,,,,,,,,,,,,,,,,,
,,,,,,,,,,,,,,,,,,,
,,,,,,,,,,,,,,,,,,,
,,,,,,,,,,,,,,,,,,,
,,,,,,,,,,,,,,,,,,,
,,,,,,,,,,,,,,,,,,,
,,,,,,,,,,,,,,,,,,,
,,,,,,,,,,,,,,,,,,,
,,,,,,,,,,,,,,,,,,,
,,,,,,,,,,,,,,,,,,,
,,,,,,,,,,,,,,,,,,,
,,,,,,,,,,,,,,,,,,,
,,,,,,,,,,,,,,,,,,,
,,,,,,,,,,,,,,,,,,,
,,,,,,,,,,,,,,,,,,,
,,,,,,,,,,,,,,,,,,,
,,,,,,,,,,,,,,,,,,,
,,,,,,,,,,,,,,,,,,,
,,,,,,,,,,,,,,,,,,,
,,,,,,,,,,,,,,,,,,,
,,,,,,,,,,,,,,,,,,,
,,,,,,,,,,,,,,,,,,,
,,,,,,,,,,,,,,,,,,,
,,,,,,,,,,,,,,,,,,,
,,,,,,,,,,,,,,,,,,,
,,,,,,,,,,,,,,,,,,,
,,,,,,,,,,,,,,,,,,,
,,,,,,,,,,,,,,,,,,,
,,,,,,,,,,,,,,,,,,,
,,,,,,,,,,,,,,,,,,,
,,,,,,,,,,,,,,,,,,,
,,,,,,,,,,,,,,,,,,,
,,,,,,,,,,,,,,,,,,,
,,,,,,,,,,,,,,,,,,,
,,,,,,,,,,,,,,,,,,,
,,,,,,,,,,,,,,,,,,,
,,,,,,,,,,,,,,,,,,,
,,,,,,,,,,,,,,,,,,,
,,,,,,,,,,,,,,,,,,,
,,,,,,,,,,,,,,,,,,,
,,,,,,,,,,,,,,,,,,,
,,,,,,,,,,,,,,,,,,,
,,,,,,,,,,,,,,,,,,,
,,,,,,,,,,,,,,,,,,,
,,,,,,,,,,,,,,,,,,,
,,,,,,,,,,,,,,,,,,,
,,,,,,,,,,,,,,,,,,,
,,,,,,,,,,,,,,,,,,,
,,,,,,,,,,,,,,,,,,,
,,,,,,,,,,,,,,,,,,,
,,,,,,,,,,,,,,,,,,,
,,,,,,,,,,,,,,,,,,,
,,,,,,,,,,,,,,,,,,,
,,,,,,,,,,,,,,,,,,,
,,,,,,,,,,,,,,,,,,,
,,,,,,,,,,,,,,,,,,,
,,,,,,,,,,,,,,,,,,,
,,,,,,,,,,,,,,,,,,,
,,,,,,,,,,,,,,,,,,,
,,,,,,,,,,,,,,,,,,,
,,,,,,,,,,,,,,,,,,,
,,,,,,,,,,,,,,,,,,,
,,,,,,,,,,,,,,,,,,,
,,,,,,,,,,,,,,,,,,,
,,,,,,,,,,,,,,,,,,,
,,,,,,,,,,,,,,,,,,,
,,,,,,,,,,,,,,,,,,,
,,,,,,,,,,,,,,,,,,,
,,,,,,,,,,,,,,,,,,,
,,,,,,,,,,,,,,,,,,,
,,,,,,,,,,,,,,,,,,,
,,,,,,,,,,,,,,,,,,,
,,,,,,,,,,,,,,,,,,,
,,,,,,,,,,,,,,,,,,,
,,,,,,,,,,,,,,,,,,,
,,,,,,,,,,,,,,,,,,,
,,,,,,,,,,,,,,,,,,,
,,,,,,,,,,,,,,,,,,,
,,,,,,,,,,,,,,,,,,,
,,,,,,,,,,,,,,,,,,,
,,,,,,,,,,,,,,,,,,,
,,,,,,,,,,,,,,,,,,,
,,,,,,,,,,,,,,,,,,,
,,,,,,,,,,,,,,,,,,,
,,,,,,,,,,,,,,,,,,,
,,,,,,,,,,,,,,,,,,,
,,,,,,,,,,,,,,,,,,,
,,,,,,,,,,,,,,,,,,,
,,,,,,,,,,,,,,,,,,,
,,,,,,,,,,,,,,,,,,,
,,,,,,,,,,,,,,,,,,,
,,,,,,,,,,,,,,,,,,,
,,,,,,,,,,,,,,,,,,,
,,,,,,,,,,,,,,,,,,,
,,,,,,,,,,,,,,,,,,,
,,,,,,,,,,,,,,,,,,,
,,,,,,,,,,,,,,,,,,,
,,,,,,,,,,,,,,,,,,,
,,,,,,,,,,,,,,,,,,,
,,,,,,,,,,,,,,,,,,,
,,,,,,,,,,,,,,,,,,,
,,,,,,,,,,,,,,,,,,,
,,,,,,,,,,,,,,,,,,,
,,,,,,,,,,,,,,,,,,,
,,,,,,,,,,,,,,,,,,,
,,,,,,,,,,,,,,,,,,,
,,,,,,,,,,,,,,,,,,,
,,,,,,,,,,,,,,,,,,,
,,,,,,,,,,,,,,,,,,,
,,,,,,,,,,,,,,,,,,,
,,,,,,,,,,,,,,,,,,,
,,,,,,,,,,,,,,,,,,,
,,,,,,,,,,,,,,,,,,,
,,,,,,,,,,,,,,,,,,,
,,,,,,,,,,,,,,,,,,,
,,,,,,,,,,,,,,,,,,,
,,,,,,,,,,,,,,,,,,,
,,,,,,,,,,,,,,,,,,,
,,,,,,,,,,,,,,,,,,,
,,,,,,,,,,,,,,,,,,,
,,,,,,,,,,,,,,,,,,,
,,,,,,,,,,,,,,,,,,,
,,,,,,,,,,,,,,,,,,,
,,,,,,,,,,,,,,,,,,,
,,,,,,,,,,,,,,,,,,,
,,,,,,,,,,,,,,,,,,,
,,,,,,,,,,,,,,,,,,,
,,,,,,,,,,,,,,,,,,,
,,,,,,,,,,,,,,,,,,,
,,,,,,,,,,,,,,,,,,,
,,,,,,,,,,,,,,,,,,,
,,,,,,,,,,,,,,,,,,,
,,,,,,,,,,,,,,,,,,,
,,,,,,,,,,,,,,,,,,,
,,,,,,,,,,,,,,,,,,,
,,,,,,,,,,,,,,,,,,,
,,,,,,,,,,,,,,,,,,,
,,,,,,,,,,,,,,,,,,,
,,,,,,,,,,,,,,,,,,,
,,,,,,,,,,,,,,,,,,,
,,,,,,,,,,,,,,,,,,,
,,,,,,,,,,,,,,,,,,,
,,,,,,,,,,,,,,,,,,,
,,,,,,,,,,,,,,,,,,,
,,,,,,,,,,,,,,,,,,,
,,,,,,,,,,,,,,,,,,,
,,,,,,,,,,,,,,,,,,,
,,,,,,,,,,,,,,,,,,,
,,,,,,,,,,,,,,,,,,,
,,,,,,,,,,,,,,,,,,,
,,,,,,,,,,,,,,,,,,,
,,,,,,,,,,,,,,,,,,,
,,,,,,,,,,,,,,,,,,,
,,,,,,,,,,,,,,,,,,,
,,,,,,,,,,,,,,,,,,,
,,,,,,,,,,,,,,,,,,,
,,,,,,,,,,,,,,,,,,,
,,,,,,,,,,,,,,,,,,,
,,,,,,,,,,,,,,,,,,,
,,,,,,,,,,,,,,,,,,,
,,,,,,,,,,,,,,,,,,,
,,,,,,,,,,,,,,,,,,,
,,,,,,,,,,,,,,,,,,,
,,,,,,,,,,,,,,,,,,,
,,,,,,,,,,,,,,,,,,,
,,,,,,,,,,,,,,,,,,,
,,,,,,,,,,,,,,,,,,,
,,,,,,,,,,,,,,,,,,,
,,,,,,,,,,,,,,,,,,,
,,,,,,,,,,,,,,,,,,,
,,,,,,,,,,,,,,,,,,,
,,,,,,,,,,,,,,,,,,,
,,,,,,,,,,,,,,,,,,,
,,,,,,,,,,,,,,,,,,,
,,,,,,,,,,,,,,,,,,,
,,,,,,,,,,,,,,,,,,,
,,,,,,,,,,,,,,,,,,,
,,,,,,,,,,,,,,,,,,,
,,,,,,,,,,,,,,,,,,,
,,,,,,,,,,,,,,,,,,,
,,,,,,,,,,,,,,,,,,,
,,,,,,,,,,,,,,,,,,,
,,,,,,,,,,,,,,,,,,,
,,,,,,,,,,,,,,,,,,,
,,,,,,,,,,,,,,,,,,,
,,,,,,,,,,,,,,,,,,,
,,,,,,,,,,,,,,,,,,,
,,,,,,,,,,,,,,,,,,,
,,,,,,,,,,,,,,,,,,,
,,,,,,,,,,,,,,,,,,,
,,,,,,,,,,,,,,,,,,,
,,,,,,,,,,,,,,,,,,,
,,,,,,,,,,,,,,,,,,,
,,,,,,,,,,,,,,,,,,,
,,,,,,,,,,,,,,,,,,,
,,,,,,,,,,,,,,,,,,,
,,,,,,,,,,,,,,,,,,,
,,,,,,,,,,,,,,,,,,,
,,,,,,,,,,,,,,,,,,,
,,,,,,,,,,,,,,,,,,,
,,,,,,,,,,,,,,,,,,,
,,,,,,,,,,,,,,,,,,,
,,,,,,,,,,,,,,,,,,,
,,,,,,,,,,,,,,,,,,,
,,,,,,,,,,,,,,,,,,,
,,,,,,,,,,,,,,,,,,,
,,,,,,,,,,,,,,,,,,,
,,,,,,,,,,,,,,,,,,,
,,,,,,,,,,,,,,,,,,,
,,,,,,,,,,,,,,,,,,,
,,,,,,,,,,,,,,,,,,,
,,,,,,,,,,,,,,,,,,,
,,,,,,,,,,,,,,,,,,,
,,,,,,,,,,,,,,,,,,,
,,,,,,,,,,,,,,,,,,,
,,,,,,,,,,,,,,,,,,,
,,,,,,,,,,,,,,,,,,,
,,,,,,,,,,,,,,,,,,,
,,,,,,,,,,,,,,,,,,,
,,,,,,,,,,,,,,,,,,,
,,,,,,,,,,,,,,,,,,,
,,,,,,,,,,,,,,,,,,,
,,,,,,,,,,,,,,,,,,,
,,,,,,,,,,,,,,,,,,,
,,,,,,,,,,,,,,,,,,,
,,,,,,,,,,,,,,,,,,,
,,,,,,,,,,,,,,,,,,,
,,,,,,,,,,,,,,,,,,,
,,,,,,,,,,,,,,,,,,,
,,,,,,,,,,,,,,,,,,,
,,,,,,,,,,,,,,,,,,,
,,,,,,,,,,,,,,,,,,,
,,,,,,,,,,,,,,,,,,,
,,,,,,,,,,,,,,,,,,,
,,,,,,,,,,,,,,,,,,,
,,,,,,,,,,,,,,,,,,,
,,,,,,,,,,,,,,,,,,,
,,,,,,,,,,,,,,,,,,,
,,,,,,,,,,,,,,,,,,,
,,,,,,,,,,,,,,,,,,,
,,,,,,,,,,,,,,,,,,,
,,,,,,,,,,,,,,,,,,,
,,,,,,,,,,,,,,,,,,,
,,,,,,,,,,,,,,,,,,,
,,,,,,,,,,,,,,,,,,,
,,,,,,,,,,,,,,,,,,,
,,,,,,,,,,,,,,,,,,,
,,,,,,,,,,,,,,,,,,,
,,,,,,,,,,,,,,,,,,,
,,,,,,,,,,,,,,,,,,,
,,,,,,,,,,,,,,,,,,,
,,,,,,,,,,,,,,,,,,,
,,,,,,,,,,,,,,,,,,,
,,,,,,,,,,,,,,,,,,,
,,,,,,,,,,,,,,,,,,,
,,,,,,,,,,,,,,,,,,,
,,,,,,,,,,,,,,,,,,,
,,,,,,,,,,,,,,,,,,,
,,,,,,,,,,,,,,,,,,,
,,,,,,,,,,,,,,,,,,,
,,,,,,,,,,,,,,,,,,,
,,,,,,,,,,,,,,,,,,,
,,,,,,,,,,,,,,,,,,,
,,,,,,,,,,,,,,,,,,,
,,,,,,,,,,,,,,,,,,,
,,,,,,,,,,,,,,,,,,,
,,,,,,,,,,,,,,,,,,,
,,,,,,,,,,,,,,,,,,,
,,,,,,,,,,,,,,,,,,,
,,,,,,,,,,,,,,,,,,,
,,,,,,,,,,,,,,,,,,,
,,,,,,,,,,,,,,,,,,,
,,,,,,,,,,,,,,,,,,,
,,,,,,,,,,,,,,,,,,,
,,,,,,,,,,,,,,,,,,,
,,,,,,,,,,,,,,,,,,,
,,,,,,,,,,,,,,,,,,,
,,,,,,,,,,,,,,,,,,,
,,,,,,,,,,,,,,,,,,,
,,,,,,,,,,,,,,,,,,,
,,,,,,,,,,,,,,,,,,,
,,,,,,,,,,,,,,,,,,,
,,,,,,,,,,,,,,,,,,,
,,,,,,,,,,,,,,,,,,,
,,,,,,,,,,,,,,,,,,,
,,,,,,,,,,,,,,,,,,,
,,,,,,,,,,,,,,,,,,,
,,,,,,,,,,,,,,,,,,,
,,,,,,,,,,,,,,,,,,,
,,,,,,,,,,,,,,,,,,,
,,,,,,,,,,,,,,,,,,,
,,,,,,,,,,,,,,,,,,,
,,,,,,,,,,,,,,,,,,,
,,,,,,,,,,,,,,,,,,,
,,,,,,,,,,,,,,,,,,,
,,,,,,,,,,,,,,,,,,,
,,,,,,,,,,,,,,,,,,,
,,,,,,,,,,,,,,,,,,,
,,,,,,,,,,,,,,,,,,,
,,,,,,,,,,,,,,,,,,,
,,,,,,,,,,,,,,,,,,,
,,,,,,,,,,,,,,,,,,,
,,,,,,,,,,,,,,,,,,,
,,,,,,,,,,,,,,,,,,,
,,,,,,,,,,,,,,,,,,,
,,,,,,,,,,,,,,,,,,,
,,,,,,,,,,,,,,,,,,,
,,,,,,,,,,,,,,,,,,,
,,,,,,,,,,,,,,,,,,,
,,,,,,,,,,,,,,,,,,,
,,,,,,,,,,,,,,,,,,,
,,,,,,,,,,,,,,,,,,,
,,,,,,,,,,,,,,,,,,,
,,,,,,,,,,,,,,,,,,,
,,,,,,,,,,,,,,,,,,,
,,,,,,,,,,,,,,,,,,,
,,,,,,,,,,,,,,,,,,,
,,,,,,,,,,,,,,,,,,,
,,,,,,,,,,,,,,,,,,,
,,,,,,,,,,,,,,,,,,,
,,,,,,,,,,,,,,,,,,,
,,,,,,,,,,,,,,,,,,,
,,,,,,,,,,,,,,,,,,,
,,,,,,,,,,,,,,,,,,,
,,,,,,,,,,,,,,,,,,,
,,,,,,,,,,,,,,,,,,,
,,,,,,,,,,,,,,,,,,,
,,,,,,,,,,,,,,,,,,,
,,,,,,,,,,,,,,,,,,,
,,,,,,,,,,,,,,,,,,,
,,,,,,,,,,,,,,,,,,,
,,,,,,,,,,,,,,,,,,,
,,,,,,,,,,,,,,,,,,,
,,,,,,,,,,,,,,,,,,,
,,,,,,,,,,,,,,,,,,,
,,,,,,,,,,,,,,,,,,,
,,,,,,,,,,,,,,,,,,,
,,,,,,,,,,,,,,,,,,,
,,,,,,,,,,,,,,,,,,,
,,,,,,,,,,,,,,,,,,,
,,,,,,,,,,,,,,,,,,,
,,,,,,,,,,,,,,,,,,,
,,,,,,,,,,,,,,,,,,,
,,,,,,,,,,,,,,,,,,,
,,,,,,,,,,,,,,,,,,,
,,,,,,,,,,,,,,,,,,,
,,,,,,,,,,,,,,,,,,,
,,,,,,,,,,,,,,,,,,,
,,,,,,,,,,,,,,,,,,,
,,,,,,,,,,,,,,,,,,,
,,,,,,,,,,,,,,,,,,,
,,,,,,,,,,,,,,,,,,,
,,,,,,,,,,,,,,,,,,,
,,,,,,,,,,,,,,,,,,,
,,,,,,,,,,,,,,,,,,,
,,,,,,,,,,,,,,,,,,,
,,,,,,,,,,,,,,,,,,,
,,,,,,,,,,,,,,,,,,,
,,,,,,,,,,,,,,,,,,,
,,,,,,,,,,,,,,,,,,,
,,,,,,,,,,,,,,,,,,,
,,,,,,,,,,,,,,,,,,,
,,,,,,,,,,,,,,,,,,,
,,,,,,,,,,,,,,,,,,,
,,,,,,,,,,,,,,,,,,,
,,,,,,,,,,,,,,,,,,,
,,,,,,,,,,,,,,,,,,,
,,,,,,,,,,,,,,,,,,,
,,,,,,,,,,,,,,,,,,,
,,,,,,,,,,,,,,,,,,,
,,,,,,,,,,,,,,,,,,,
,,,,,,,,,,,,,,,,,,,
,,,,,,,,,,,,,,,,,,,
,,,,,,,,,,,,,,,,,,,
,,,,,,,,,,,,,,,,,,,
,,,,,,,,,,,,,,,,,,,
,,,,,,,,,,,,,,,,,,,
,,,,,,,,,,,,,,,,,,,
,,,,,,,,,,,,,,,,,,,
,,,,,,,,,,,,,,,,,,,
,,,,,,,,,,,,,,,,,,,
,,,,,,,,,,,,,,,,,,,
,,,,,,,,,,,,,,,,,,,
,,,,,,,,,,,,,,,,,,,
,,,,,,,,,,,,,,,,,,,
,,,,,,,,,,,,,,,,,,,
,,,,,,,,,,,,,,,,,,,
,,,,,,,,,,,,,,,,,,,
,,,,,,,,,,,,,,,,,,,
,,,,,,,,,,,,,,,,,,,
,,,,,,,,,,,,,,,,,,,
,,,,,,,,,,,,,,,,,,,
,,,,,,,,,,,,,,,,,,,
,,,,,,,,,,,,,,,,,,,
,,,,,,,,,,,,,,,,,,,
,,,,,,,,,,,,,,,,,,,
,,,,,,,,,,,,,,,,,,,
,,,,,,,,,,,,,,,,,,,
,,,,,,,,,,,,,,,,,,,
,,,,,,,,,,,,,,,,,,,
,,,,,,,,,,,,,,,,,,,
,,,,,,,,,,,,,,,,,,,
,,,,,,,,,,,,,,,,,,,
,,,,,,,,,,,,,,,,,,,
,,,,,,,,,,,,,,,,,,,
,,,,,,,,,,,,,,,,,,,
,,,,,,,,,,,,,,,,,,,
,,,,,,,,,,,,,,,,,,,
,,,,,,,,,,,,,,,,,,,
,,,,,,,,,,,,,,,,,,,
,,,,,,,,,,,,,,,,,,,
,,,,,,,,,,,,,,,,,,,
,,,,,,,,,,,,,,,,,,,
,,,,,,,,,,,,,,,,,,,
,,,,,,,,,,,,,,,,,,,
,,,,,,,,,,,,,,,,,,,
,,,,,,,,,,,,,,,,,,,
,,,,,,,,,,,,,,,,,,,
,,,,,,,,,,,,,,,,,,,
,,,,,,,,,,,,,,,,,,,
,,,,,,,,,,,,,,,,,,,
,,,,,,,,,,,,,,,,,,,
,,,,,,,,,,,,,,,,,,,
,,,,,,,,,,,,,,,,,,,
,,,,,,,,,,,,,,,,,,,
,,,,,,,,,,,,,,,,,,,
,,,,,,,,,,,,,,,,,,,
,,,,,,,,,,,,,,,,,,,
,,,,,,,,,,,,,,,,,,,
,,,,,,,,,,,,,,,,,,,
,,,,,,,,,,,,,,,,,,,
,,,,,,,,,,,,,,,,,,,
,,,,,,,,,,,,,,,,,,,
,,,,,,,,,,,,,,,,,,,
,,,,,,,,,,,,,,,,,,,
,,,,,,,,,,,,,,,,,,,
,,,,,,,,,,,,,,,,,,,
,,,,,,,,,,,,,,,,,,,
,,,,,,,,,,,,,,,,,,,
,,,,,,,,,,,,,,,,,,,
,,,,,,,,,,,,,,,,,,,
,,,,,,,,,,,,,,,,,,,
,,,,,,,,,,,,,,,,,,,
,,,,,,,,,,,,,,,,,,,
,,,,,,,,,,,,,,,,,,,
,,,,,,,,,,,,,,,,,,,
,,,,,,,,,,,,,,,,,,,
,,,,,,,,,,,,,,,,,,,
,,,,,,,,,,,,,,,,,,,
,,,,,,,,,,,,,,,,,,,
,,,,,,,,,,,,,,,,,,,
,,,,,,,,,,,,,,,,,,,
,,,,,,,,,,,,,,,,,,,
,,,,,,,,,,,,,,,,,,,
,,,,,,,,,,,,,,,,,,,
,,,,,,,,,,,,,,,,,,,
,,,,,,,,,,,,,,,,,,,
,,,,,,,,,,,,,,,,,,,
,,,,,,,,,,,,,,,,,,,
,,,,,,,,,,,,,,,,,,,
,,,,,,,,,,,,,,,,,,,
,,,,,,,,,,,,,,,,,,,
,,,,,,,,,,,,,,,,,,,
,,,,,,,,,,,,,,,,,,,
,,,,,,,,,,,,,,,,,,,
,,,,,,,,,,,,,,,,,,,
,,,,,,,,,,,,,,,,,,,
,,,,,,,,,,,,,,,,,,,
,,,,,,,,,,,,,,,,,,,
,,,,,,,,,,,,,,,,,,,
,,,,,,,,,,,,,,,,,,,
,,,,,,,,,,,,,,,,,,,
,,,,,,,,,,,,,,,,,,,
,,,,,,,,,,,,,,,,,,,
,,,,,,,,,,,,,,,,,,,
,,,,,,,,,,,,,,,,,,,
,,,,,,,,,,,,,,,,,,,
,,,,,,,,,,,,,,,,,,,
,,,,,,,,,,,,,,,,,,,
,,,,,,,,,,,,,,,,,,,
,,,,,,,,,,,,,,,,,,,
,,,,,,,,,,,,,,,,,,,
,,,,,,,,,,,,,,,,,,,
,,,,,,,,,,,,,,,,,,,
,,,,,,,,,,,,,,,,,,,